TAXON_NAME,PHYLUM,CLASS,SUPERORDER,ORDER,SUBORDER,FAMILY,SUBFAM,TRIBE,GENUS_GROUP,GENUS,SPECIES_GROUP,SPECIES
AA_NO_INVERTS_FOUND,NA,NA,NA,NA,NA,NA,NA,NA,NA,NA,NA,NA
Ablabesmyia,Arthropoda,Insecta,NA,Diptera,Nematocera,Chironomidae,Tanypodinae,Pentaneurini,NA,Ablabesmyia,NA,NA
Ablabesmyia annulata,Arthropoda,Insecta,NA,Diptera,Nematocera,Chironomidae,Tanypodinae,Pentaneurini,NA,Ablabesmyia,NA,annulata
Ablabesmyia annulata group,Arthropoda,Insecta,NA,Diptera,Nematocera,Chironomidae,Tanypodinae,Pentaneurini,NA,Ablabesmyia,annulata group,NA
Ablabesmyia mallochi,Arthropoda,Insecta,NA,Diptera,Nematocera,Chironomidae,Tanypodinae,Pentaneurini,NA,Ablabesmyia,NA,mallochi
Ablabesmyia monilis,Arthropoda,Insecta,NA,Diptera,Nematocera,Chironomidae,Tanypodinae,Pentaneurini,NA,Ablabesmyia,NA,monilis
Ablabesmyia peleensis,Arthropoda,Insecta,NA,Diptera,Nematocera,Chironomidae,Tanypodinae,Pentaneurini,NA,Ablabesmyia,NA,peleensis
Acanthocyclops brevispinosus,Arthropoda,Maxillopoda,NA,Cyclopoida,NA,Cyclopidae,NA,NA,NA,Acanthocyclops,NA,brevispinosus
Acariformes,Arthropoda,Arachnida,Acariformes,NA,NA,NA,NA,NA,NA,NA,NA,NA
Acentria,Arthropoda,Insecta,NA,Lepidoptera,NA,Crambidae,Nymphulinae,Acentropini,NA,Acentria,NA,NA
Acricotopus,Arthropoda,Insecta,NA,Diptera,Nematocera,Chironomidae,Orthocladiinae,NA,NA,Acricotopus,NA,NA
Acroperus  harpae,Arthropoda,Branchiopoda,NA,Diplostraca,NA,Chydoridae,NA,NA,NA,Acroperus,NA,harpae
Actinobdella inequiannulata,Annelida,Hirudinea,NA,Rhynchobdellida,NA,Glossiphoniidae,Haementeriinae,NA,NA,Actinobdella,NA,inequiannulata
Actinobdella pediculata,Annelida,Hirudinea,NA,Rhynchobdellida,NA,Glossiphoniidae,Haementeriinae,NA,NA,Actinobdella,NA,pediculata
Aeshna umbrosa,Arthropoda,Insecta,NA,Odonata,Anisoptera,Aeshnidae,NA,NA,NA,Aeshna,NA,umbrosa
Aeshnidae,Arthropoda,Insecta,NA,Odonata,Anisoptera,Aeshnidae,NA,NA,NA,NA,NA,NA
Agabinae,Arthropoda,Insecta,NA,Coleoptera,NA,Dytiscidae,Agabinae,Agabini,NA,NA,NA,NA
Agraylea,Arthropoda,Insecta,NA,Trichoptera,NA,Hydroptilidae,NA,NA,NA,Agraylea,NA,NA
Agrypnia,Arthropoda,Insecta,NA,Trichoptera,NA,Phryganeidae,Phyrganeinae,NA,NA,Agrypnia,NA,NA
Albia,Arthropoda,Arachnida,Acariformes,Trombidiformes,NA,Aturidae,NA,NA,NA,Albia,NA,NA
Alboglossiphonia heteroclita,Annelida,Hirudinea,NA,Rhynchobdellida,NA,Glossiphoniidae,Haementeriinae,NA,NA,Alboglossiphonia,NA,heteroclita
Allocladius bothnicus,Arthropoda,Insecta,NA,Diptera,Nematocera,Chironomidae,Orthocladiinae,NA,NA,Allocladius,NA,bothnicus
Alona affinis,Arthropoda,Branchiopoda,NA,Diplostraca,NA,Chydoridae,NA,NA,NA,Alona,NA,affinis
Amnicola,Mollusca,Gastropoda,NA,Neotaenioglossa,NA,Hydrobiidae,NA,NA,NA,Amnicola,NA,NA
Amnicola limosa,Mollusca,Gastropoda,NA,Neotaenioglossa,NA,Hydrobiidae,NA,NA,NA,Amnicola,NA,limosa
Amphipoda,Arthropoda,Malacostraca,NA,Amphipoda,NA,NA,NA,NA,NA,NA,NA,NA
Anacaena lutescens,Arthropoda,Insecta,NA,Coleoptera,NA,Hydrophilidae,Hydrophilinae,Anacaenini,NA,Anacaena,NA,lutescens
Anax,Arthropoda,Insecta,NA,Odonata,Anisoptera,Aeshnidae,NA,NA,NA,Anax,NA,NA
Anax junius,Arthropoda,Insecta,NA,Odonata,Anisoptera,Aeshnidae,NA,NA,NA,Anax,NA,junius
Ancylidae,Mollusca,Gastropoda,NA,Basommatophora,NA,Ancylidae,NA,NA,NA,NA,NA,NA
Anisoptera,Arthropoda,Insecta,NA,Odonata,Anisoptera,NA,NA,NA,NA,NA,NA,NA
Annelida,Annelida,NA,NA,NA,NA,NA,NA,NA,NA,NA,NA,NA
Anopheles,Arthropoda,Insecta,NA,Diptera,Nematocera,Culicidae,Anophelinaeÿ,NA,NA,Anopheles,NA,NA
Anthicidae,Arthropoda,Insecta,NA,Coleoptera,NA,Anthicidae,NA,NA,NA,NA,NA,NA
Antichaeta,Arthropoda,Insecta,NA,Diptera,Brachycera,Sciomyzidae,Sciomyzinae,Tetanocerini,NA,Antichaeta,NA,NA
Antocha,Arthropoda,Insecta,NA,Diptera,Nematocera,Tipulidae,Limoniinae,Limoniini,NA,Antocha,NA,NA
Apatania,Arthropoda,Insecta,NA,Trichoptera,NA,Apataniidae,Apataniinae,Apataniini,NA,Apatania,NA,NA
Aphididae,Arthropoda,Insecta,NA,Hemiptera,NA,Aphididae,NA,NA,NA,NA,NA,NA
Apobaetis,Arthropoda,Insecta,NA,Ephemeroptera,NA,Baetidae,NA,NA,NA,Apobaetis,NA,NA
Arachnida,Arthropoda,NA,NA,NA,NA,NA,NA,NA,NA,NA,NA,NA
Arcteonais lomondi,Annelida,Oligochaeta,NA,Tubificida,NA,Naididae,Naidinae,Naidinae with proboscis,NA,Arcteonais,NA,lomondi
Arcynopteryx compacta,Arthropoda,Insecta,NA,Plecoptera,NA,Perlodidae,Perlodinae,Arcynopterygini,NA,Arcynopteryx,NA,compacta
Arrenurus,Arthropoda,Arachnida,Acariformes,Trombidiformes,NA,Arrenuridae,NA,NA,NA,Arrenurus,NA,NA
Asellidae,Arthropoda,Malacostraca,NA,Isopoda,NA,Asellidae,NA,NA,NA,NA,NA,NA
Asplanchna priodonta,Arthropoda,Monogonta,NA,Ploima,NA,Asplanchnidae,NA,NA,NA,Asplanchna,NA,priodonta
Atractides,Arthropoda,Arachnida,Acariformes,Trombidiformes,NA,Hygrobatidae,NA,NA,NA,Atractides,NA,NA
Atrichopogon,Arthropoda,Insecta,NA,Diptera,Nematocera,Ceratopogonidae,Forcipomyiinae,NA,NA,Atrichopogon,NA,NA
Aulodrilus americanus,Annelida,Oligochaeta,NA,Tubificida,NA,Naididae,Tubificinae,Tubificinae W/O setal hair chaeta,NA,Aulodrilus,NA,americanus
Aulodrilus limnobius,Annelida,Oligochaeta,NA,Tubificida,NA,Naididae,Tubificinae,Tubificinae W/O setal hair chaeta,NA,Aulodrilus,NA,limnobius
Aulodrilus pigueti,Annelida,Oligochaeta,NA,Tubificida,NA,Naididae,Tubificinae,Tubificinae with setal hair chaeta,NA,Aulodrilus,NA,pigueti
Aulodrilus pluriseta,Annelida,Oligochaeta,NA,Tubificida,NA,Naididae,Tubificinae,Tubificinae with setal hair chaeta,NA,Aulodrilus,NA,pluriseta
Baetidae,Arthropoda,Insecta,NA,Ephemeroptera,NA,Baetidae,NA,NA,NA,NA,NA,NA
Baetis flavistriga,Arthropoda,Insecta,NA,Ephemeroptera,NA,Baetidae,NA,NA,NA,Baetis,NA,flavistriga
Baetisca,Arthropoda,Insecta,NA,Ephemeroptera,NA,Baetiscidae,NA,NA,NA,Baetisca,NA,NA
Baetisca laurentina,Arthropoda,Insecta,NA,Ephemeroptera,NA,Baetiscidae,NA,NA,NA,Baetisca,NA,laurentina
Belostoma,Arthropoda,Insecta,NA,Hemiptera,NA,Belostomatidae,Belostomatinae,NA,NA,Belostoma,NA,NA
Belostoma flumineum,Arthropoda,Insecta,NA,Hemiptera,NA,Belostomatidae,Belostomatinae,NA,NA,Belostoma,NA,flumineum
Belostomatidae,Arthropoda,Insecta,NA,Hemiptera,NA,Belostomatidae,NA,NA,NA,NA,NA,NA
Bezzia/Palpomyia,Arthropoda,Insecta,NA,Diptera,Nematocera,Ceratopogonidae,NA,NA,Bezzia/Palpomyia,NA,NA,NA
Birgella subglobosus,Mollusca,Gastropoda,NA,Neotaenioglossa,NA,NA,NA,NA,NA,Birgella,NA,subglobosus
Bithynia tentaculata,Mollusca,Gastropoda,NA,Neotaenioglossa,NA,Bithyniidae,NA,NA,NA,Bithynia,NA,tentaculata
Bivalvia,Mollusca,Bivalvia,NA,NA,NA,NA,NA,NA,NA,NA,NA,NA
Bosmina liederi,Arthropoda,Branchiopoda,NA,Diplostraca,NA,Bosminidae,NA,NA,NA,Bosmina,NA,liederi
Brachycentrus lateralis,Arthropoda,Insecta,NA,Trichoptera,NA,Brachycentridae,NA,NA,NA,Brachycentrus,NA,lateralis
Brachycera,Arthropoda,Insecta,NA,Diptera,Brachycera,NA,NA,NA,NA,NA,NA,NA
Branchiura sowerbyi,Annelida,Oligochaeta,NA,Tubificida,NA,Naididae,Rhyacodrilinae,Tubificinae with setal hair chaeta,NA,Branchiura,NA,sowerbyi
Brillia,Arthropoda,Insecta,NA,Diptera,Nematocera,Chironomidae,Orthocladiinae,NA,NA,Brillia,NA,NA
Bryozoa,Bryozoa,NA,NA,NA,NA,NA,NA,NA,NA,NA,NA,NA
Buenoa confusa,Arthropoda,Insecta,NA,Hemiptera,NA,Notonectidae,Anisopinae,NA,NA,Buenoa,NA,confusa
Bythotrephes longimanus,Arthropoda,Branchiopoda,NA,Diplostraca,NA,Cercopagididae,NA,NA,NA,Bythotrephes,NA,longimanus
Caecidotea,Arthropoda,Malacostraca,NA,Isopoda,NA,Asellidae,NA,NA,NA,Caecidotea,NA,NA
Caecidotea communis,Arthropoda,Malacostraca,NA,Isopoda,NA,Asellidae,NA,NA,NA,Caecidotea,NA,communis
Caecidotea racovitzai,Arthropoda,Malacostraca,NA,Isopoda,NA,Asellidae,NA,NA,NA,Caecidotea,NA,racovitzai
Caenidae,Arthropoda,Insecta,NA,Ephemeroptera,NA,Caenidae,NA,NA,NA,NA,NA,NA
Caenis,Arthropoda,Insecta,NA,Ephemeroptera,NA,Caenidae,Caeninae,NA,NA,Caenis,NA,NA
Caenis diminuta,Arthropoda,Insecta,NA,Ephemeroptera,NA,Caenidae,Caeninae,NA,NA,Caenis,NA,diminuta
Caenis hilaris,Arthropoda,Insecta,NA,Ephemeroptera,NA,Caenidae,Caeninae,NA,NA,Caenis,NA,hilaris
Caenis latipennis,Arthropoda,Insecta,NA,Ephemeroptera,NA,Caenidae,Caeninae,NA,NA,Caenis,NA,latipennis
Caenis punctata,Arthropoda,Insecta,NA,Ephemeroptera,NA,Caenidae,Caeninae,NA,NA,Caenis,NA,punctata
Caenis tardata,Arthropoda,Insecta,NA,Ephemeroptera,NA,Caenidae,Caeninae,NA,NA,Caenis,NA,tardata
Caenis youngi,Arthropoda,Insecta,NA,Ephemeroptera,NA,Caenidae,Caeninae,NA,NA,Caenis,NA,youngi
Callibaetis,Arthropoda,Insecta,NA,Ephemeroptera,NA,Baetidae,NA,NA,NA,Callibaetis,NA,NA
Cambaridae,Arthropoda,Crustacea,NA,Decapoda,NA,Cambaridae,NA,NA,NA,NA,NA,NA
Cambarinae,Arthropoda,Crustacea,NA,Decapoda,NA,Cambaridae,Cambarinae,NA,NA,NA,NA,NA
Campeloma decisum,Mollusca,Gastropoda,NA,Architaenioglossa,NA,Viviparidae,NA,NA,NA,Campeloma,NA,decisum
Camptocercus rectirostris,Arthropoda,Branchiopoda,NA,Diplostraca,NA,Chydoridae,NA,NA,NA,Camptocercus,NA,rectirostris
Candona,Arthropoda,Ostracoda,NA,Podocopida,NA,Candonidae,NA,NA,NA,Candona,NA,NA
Canthocamptus staphylinoides,Arthropoda,Maxillopoda,NA,Harpacticoida,NA,Canthocamptidae,NA,NA,NA,Canthocamptus,NA,staphylinoides
Centroptilum,Arthropoda,Insecta,NA,Ephemeroptera,NA,Baetidae,NA,NA,NA,Centroptilum,NA,NA
Centroptilum album,Arthropoda,Insecta,NA,Ephemeroptera,NA,Baetidae,NA,NA,NA,Centroptilum,NA,album
Centroptilum ozarkensum,Arthropoda,Insecta,NA,Ephemeroptera,NA,Baetidae,NA,NA,NA,Centroptilum,NA,ozarkensum
Ceraclea,Arthropoda,Insecta,NA,Trichoptera,NA,Leptoceridae,NA,NA,NA,Ceraclea,NA,NA
Ceratopogon,Arthropoda,Insecta,NA,Diptera,Nematocera,Ceratopogonidae,Ceratopogoninae,Ceratopogonini,NA,Ceratopogon,NA,NA
Ceratopogonidae,Arthropoda,Insecta,NA,Diptera,Nematocera,Ceratopogonidae,NA,NA,NA,NA,NA,NA
Ceratopogonini,Arthropoda,Insecta,NA,Diptera,Nematocera,Ceratopogonidae,Ceratopogoninae,Ceratopogonini,NA,NA,NA,NA
Ceratopsyche alternans,Arthropoda,Insecta,NA,Trichoptera,NA,Hydropsychidae,Hydropsychinae,NA,NA,Ceratopsyche,NA,alternans
Ceratopsyche walkeri,Arthropoda,Insecta,NA,Trichoptera,NA,Hydropsychidae,Hydropsychinae,NA,NA,Ceratopsyche,NA,walkeri
Ceriodaphnia quadrangula,Arthropoda,Branchiopoda,NA,Diplostraca,NA,Daphniidae,NA,NA,NA,Ceriodaphnia,NA,quadrangula
Chaetocladius,Arthropoda,Insecta,NA,Diptera,Nematocera,Chironomidae,Orthocladiinae,NA,NA,Chaetocladius,NA,NA
Chaetogaster,Annelida,Oligochaeta,NA,Tubificida,NA,Naididae,Naidinae,Naidinae W/O proboscis,NA,Chaetogaster,NA,NA
Chaetogaster diaphanus,Annelida,Oligochaeta,NA,Tubificida,NA,Naididae,Naidinae,Naidinae W/O proboscis,NA,Chaetogaster,NA,diaphanus
Chaetogaster limnaei,Annelida,Oligochaeta,NA,Tubificida,NA,Naididae,Naidinae,Naidinae W/O proboscis,NA,Chaetogaster,NA,limnaei
Chaoboridae,Arthropoda,Insecta,NA,Diptera,Nematocera,Chaoboridae,NA,NA,NA,NA,NA,NA
Chaoborus,Arthropoda,Insecta,NA,Diptera,Nematocera,Chaoboridae,Chaoborinae,NA,NA,Chaoborus,NA,NA
Cheumatopsyche,Arthropoda,Insecta,NA,Trichoptera,NA,Hydropsychidae,Hydropsychinae,NA,NA,Cheumatopsyche,NA,NA
Chironomidae,Arthropoda,Insecta,NA,Diptera,Nematocera,Chironomidae,NA,NA,NA,NA,NA,NA
Chironominae,Arthropoda,Insecta,NA,Diptera,Nematocera,Chironomidae,Chironominae,NA,NA,NA,NA,NA
Chironomini,Arthropoda,Insecta,NA,Diptera,Nematocera,Chironomidae,Chironominae,Chironomini,NA,NA,NA,NA
Chironomus,Arthropoda,Insecta,NA,Diptera,Nematocera,Chironomidae,Chironominae,Chironomini,NA,Chironomus,NA,NA
Chironomus crassicaudatus,Arthropoda,Insecta,NA,Diptera,Nematocera,Chironomidae,Chironominae,Chironomini,NA,Chironomus,NA,crassicaudatus
Chironomus riparius group,Arthropoda,Insecta,NA,Diptera,Nematocera,Chironomidae,Chironominae,Chironomini,NA,Chironomus,riparius group,NA
Chironomus stigmaterus,Arthropoda,Insecta,NA,Diptera,Nematocera,Chironomidae,Chironominae,Chironomini,NA,Chironomus,NA,stigmaterus
Chrysomelidae,Arthropoda,Insecta,NA,Coleoptera,NA,Chrysomelidae,NA,NA,NA,NA,NA,NA
Chydorus,Arthropoda,Branchiopoda,NA,Diplostraca,NA,Chydoridae,NA,NA,NA,Chydorus,NA,NA
Chydorus gibbus,Arthropoda,Branchiopoda,NA,Diplostraca,NA,Chydoridae,NA,NA,NA,Chydorus,NA,gibbus
Cincinnatia cincinnatiensis,Mollusca,Gastropoda,NA,Neotaenioglossaÿ,NA,Hydrobiidae,NA,NA,NA,Cinncinatia,NA,cincinnatiensis
Cincinnatia integra,Mollusca,Gastropoda,NA,Neotaenioglossaÿ,NA,Hydrobiidae,NA,NA,NA,Cinncinatia,NA,integra
Cladopelma,Arthropoda,Insecta,NA,Diptera,Nematocera,Chironomidae,Chironominae,Chironomini,NA,Cladopelma,NA,NA
Cladotanytarsus,Arthropoda,Insecta,NA,Diptera,Nematocera,Chironomidae,Chironominae,Tanytarsini,NA,Cladotanytarsus,NA,NA
Cladotanytarsus mancus group,Arthropoda,Insecta,NA,Diptera,Nematocera,Chironomidae,Chironominae,Tanytarsini,NA,Cladotanytarsus,mancus group,NA
Cladotanytarsus sp. group A,Arthropoda,Insecta,NA,Diptera,Nematocera,Chironomidae,Chironominae,Tanytarsini,NA,Cladotanytarsus,sp. group A,NA
Cladotanytarsus sp. group B,Arthropoda,Insecta,NA,Diptera,Nematocera,Chironomidae,Chironominae,Tanytarsini,NA,Cladotanytarsus,sp. group B,NA
Cladotanytarsus vanderwulpi,Arthropoda,Insecta,NA,Diptera,Nematocera,Chironomidae,Chironominae,Tanytarsini,NA,Cladotanytarsus,NA,vanderwulpi
Cladotanytarsus vanderwulpi group,Arthropoda,Insecta,NA,Diptera,Nematocera,Chironomidae,Chironominae,Tanytarsini,NA,Cladotanytarsus,vanderwulpi group,NA
Cladotanytarsus vanderwulpi group sp. 2,Arthropoda,Insecta,NA,Diptera,Nematocera,Chironomidae,Chironominae,Tanytarsini,NA,Cladotanytarsus,NA,vanderwulpi group sp. 2
Cladotanytarsus vanderwulpi group sp. 3,Arthropoda,Insecta,NA,Diptera,Nematocera,Chironomidae,Chironominae,Tanytarsini,NA,Cladotanytarsus,NA,vanderwulpi group sp. 3
Cladotanytarsus vanderwulpi group sp. 5,Arthropoda,Insecta,NA,Diptera,Nematocera,Chironomidae,Chironominae,Tanytarsini,NA,Cladotanytarsus,NA,vanderwulpi group sp. 5
Climacia,Arthropoda,Insecta,NA,Neuroptera,NA,Sisyridae,NA,NA,NA,Climacia,NA,NA
Climacia areolaris,Arthropoda,Insecta,NA,Neuroptera,NA,Sisyridae,NA,NA,NA,Climacia,NA,areolaris
Clinotanypus,Arthropoda,Insecta,NA,Diptera,Nematocera,Chironomidae,Tanypodinae,Coelotanypodini,NA,Clinotanypus,NA,NA
Clinotanypus pinguis,Arthropoda,Insecta,NA,Diptera,Nematocera,Chironomidae,Tanypodinae,Coelotanypodini,NA,Clinotanypus,NA,pinguis
Clitellata,Annelida,NA,NA,NA,NA,NA,NA,NA,NA,NA,NA,NA
Coelotanypus,Arthropoda,Insecta,NA,Diptera,Nematocera,Chironomidae,Tanypodinae,Coelotanypodini,NA,Coelotanypus,NA,NA
Coelotanypus scapularis,Arthropoda,Insecta,NA,Diptera,Nematocera,Chironomidae,Tanypodinae,Coelotanypodini,NA,Coelotanypus,NA,scapularis
Coenagrion/Enallagma,Arthropoda,Insecta,NA,Odonata,Zygoptera,Coenagrionidae,NA,NA,Coenagrion/Enallagma,NA,NA,NA
Coenagrionidae,Arthropoda,Insecta,NA,Odonata,Zygoptera,Coenagrionidae,NA,NA,NA,NA,NA,NA
Coleoptera,Arthropoda,Insecta,NA,Coleoptera,NA,NA,NA,NA,NA,NA,NA,NA
Collembola,Arthropoda,Collembola,NA,Collembola,NA,NA,NA,NA,NA,NA,NA,NA
Conchapelopia,Arthropoda,Insecta,NA,Diptera,Nematocera,Chironomidae,Tanypodinae,Pentaneurini,NA,Conchapelopia,NA,NA
Conochiloides,Arthropoda,Monogonta,NA,Flosculariaceae,NA,Conochilidae,NA,NA,NA,Conochiloides,NA,NA
Conochilus unicornis,Arthropoda,Monogonta,NA,Flosculariaceae,NA,Conochilidae,NA,NA,NA,Conochilus,NA,unicornis
Constempellina,Arthropoda,Insecta,NA,Diptera,Nematocera,Chironomidae,Chironominae,Tanytarsini,NA,Constempellina,NA,NA
Corbicula,Mollusca,Bivalvia,NA,Heterodonta,NA,Corbiculidae,NA,NA,NA,Corbicula,NA,NA
Corbicula fluminea,Mollusca,Bivalvia,NA,Heterodonta,NA,Corbiculidae,NA,NA,NA,Corbicula,NA,fluminea
Corduliidae,Arthropoda,Insecta,NA,Odonata,Anisoptera,Corduliidae/Libellulidae,NA,NA,NA,NA,NA,NA
Corduliidae/Libellulidae,Arthropoda,Insecta,NA,Odonata,Anisoptera,Corduliidae/Libellulidae,NA,NA,NA,NA,NA,NA
Cordylophora caspia,Cnidaria,Hydrozoa,NA,Anthoathecataeÿ,NA,Oceanidae,NA,NA,NA,Cordylophora,NA,caspia
Corixidae,Arthropoda,Insecta,NA,Hemiptera,NA,Corixidae,NA,NA,NA,NA,NA,NA
Corynoneura,Arthropoda,Insecta,NA,Diptera,Nematocera,Chironomidae,Orthocladiinae,NA,NA,Corynoneura,NA,NA
Corynoneura/Thienemanniella,Arthropoda,Insecta,NA,Diptera,Nematocera,Chironomidae,Orthocladiinae,NA,Corynoneura/Thienemanniella,NA,NA,NA
Crambidae,Arthropoda,Insecta,NA,Lepidoptera,NA,Crambidae,NA,NA,NA,NA,NA,NA
Crambus,Arthropoda,Insecta,NA,Lepidoptera,NA,Crambidae,Crambinae,Crambini,NA,Crambus,NA,NA
Crangonyx,Arthropoda,Malacostraca,NA,Amphipoda,NA,Crangonyctidae,NA,NA,NA,Crangonyx,NA,NA
Cricotopus,Arthropoda,Insecta,NA,Diptera,Nematocera,Chironomidae,Orthocladiinae,NA,NA,Cricotopus,NA,NA
Cricotopus annulator complex,Arthropoda,Insecta,NA,Diptera,Nematocera,Chironomidae,Orthocladiinae,NA,NA,Cricotopus,annulator complex,NA
Cricotopus bicinctus,Arthropoda,Insecta,NA,Diptera,Nematocera,Chironomidae,Orthocladiinae,NA,NA,Cricotopus,NA,bicinctus
Cricotopus lebetis,Arthropoda,Insecta,NA,Diptera,Nematocera,Chironomidae,Orthocladiinae,NA,NA,Cricotopus,NA,lebetis
Cricotopus sylvestris group,Arthropoda,Insecta,NA,Diptera,Nematocera,Chironomidae,Orthocladiinae,NA,NA,Cricotopus,sylvestris group,NA
Cricotopus/Orthocladius,Arthropoda,Insecta,NA,Diptera,Nematocera,Chironomidae,Orthocladiinae,NA,Cricotopus/Orthocladius,NA,NA,NA
Cryptochironomus,Arthropoda,Insecta,NA,Diptera,Nematocera,Chironomidae,Chironominae,Chironomini,NA,Cryptochironomus,NA,NA
Cryptotendipes,Arthropoda,Insecta,NA,Diptera,Nematocera,Chironomidae,Chironominae,Chironomini,NA,Cryptotendipes,NA,NA
Culicidae,Arthropoda,Insecta,NA,Diptera,Nematocera,Culicidae,NA,NA,NA,NA,NA,NA
Culicoides,Arthropoda,Insecta,NA,Diptera,Nematocera,Ceratopogonidae,Ceratopogoninae,Culicoidini,NA,Cuilicoides,NA,NA
Curculionidae,Arthropoda,Insecta,NA,Coleoptera,NA,Curculionidae,NA,NA,NA,NA,NA,NA
Cyclorrhaphous - Brachycera,Arthropoda,Insecta,NA,Diptera,Cyclorrhaphous - Brachycera,NA,NA,NA,NA,NA,NA,NA
Cyphon,Arthropoda,Insecta,NA,Coleoptera,NA,Scirtidae,NA,NA,NA,Cyphon,NA,NA
Cyrnellus,Arthropoda,Insecta,NA,Trichoptera,NA,Polycentropodidae,Polycentropodinae,NA,NA,Cyrnellus,NA,NA
Cyrnellus fraturnus,Arthropoda,Insecta,NA,Trichoptera,NA,Polycentropodidae,Polycentropodinae,NA,NA,Cyrnellus,NA,fraternus
Daphnia mendotae,Arthropoda,Branchiopoda,NA,Diplostraca,NA,Daphniidae,NA,NA,NA,Daphnia,NA,mendotae
Daphnia pulicaria,Arthropoda,Branchiopoda,NA,Diplostraca,NA,Daphniidae,NA,NA,NA,Daphnia,NA,pulicaria
Daphnia retrocurva,Arthropoda,Branchiopoda,NA,Diplostraca,NA,Daphniidae,NA,NA,NA,Daphnia,NA,retrocurva
Dasyhelea,Arthropoda,Insecta,NA,Diptera,Nematocera,Ceratopogonidae,Dasyheleinae,NA,NA,Dasyhelea,NA,NA
Demicryptochironomus,Arthropoda,Insecta,NA,Diptera,Nematocera,Chironomidae,Chironominae,Chironomini,NA,Demicryptochironomus,NA,NA
Demicryptochironomus cuneatus,Arthropoda,Insecta,NA,Diptera,Nematocera,Chironomidae,Chironominae,Chironomini,NA,Demicryptochironomus,NA,cuneatus
Dero,Annelida,Oligochaeta,NA,Tubificida,NA,Naididae,Naidinae,Naidinae W/O proboscis,NA,Dero,NA,NA
Dero flabelliger,Annelida,Oligochaeta,NA,Tubificida,NA,Naididae,Naidinae,Naidinae W/O proboscis,NA,Dero,NA,flabelliger
Dero furcata,Annelida,Oligochaeta,NA,Tubificida,NA,Naididae,Naidinae,Naidinae W/O proboscis,NA,Dero,NA,furcata
Dero nivea,Annelida,Oligochaeta,NA,Tubificida,NA,Naididae,Naidinae,Naidinae W/O proboscis,NA,Dero,NA,nivea
Dero/Nais,Annelida,Oligochaeta,NA,Tubificida,NA,Naididae,Naidinae,Naidinae W/O proboscis,Dero/Nais,NA,NA,NA
Desserobdella phalera,Annelida,Hirudinea,NA,Rhynchobdellida,NA,Glossiphoniidae,Glossiphoniinae,NA,NA,Desserobdella,NA,phalera
Desserobdella picta,Annelida,Hirudinea,NA,Rhynchobdellida,NA,Glossiphoniidae,Glossiphoniinae,NA,NA,Desserobdella,NA,picta
Diacyclops thomasi,Arthropoda,Maxillopoda,NA,Cyclopoida,NA,Cyclopidae,NA,NA,NA,Diacyclops,NA,thomasi
Diamesinae,Arthropoda,Insecta,NA,Diptera,Nematocera,Chironomidae,Diamesinae,NA,NA,NA,NA,NA
Diaphanosoma,Arthropoda,Branchiopoda,NA,Diplostraca,NA,Sididae,NA,NA,NA,Diaphanosoma,NA,NA
Diaphanosoma birgei,Arthropoda,Branchiopoda,NA,Diplostraca,NA,Sididae,NA,NA,NA,Diaphanosoma,NA,birgei
Diaphanosoma brachyurum,Arthropoda,Branchiopoda,NA,Diplostraca,NA,Sididae,NA,NA,NA,Diaphanosoma,NA,brachyurum
Dicrotendipes,Arthropoda,Insecta,NA,Diptera,Nematocera,Chironomidae,Chironominae,Chironomini,NA,Dicrotendipes,NA,NA
Dicrotendipes modestus,Arthropoda,Insecta,NA,Diptera,Nematocera,Chironomidae,Chironominae,Chironomini,NA,Dicrotendipes,NA,modestus
Dina parva,Annelida,Hirudinea,NA,Arhynchobdellida,NA,Erpobdellidae,Erpobdellinae,NA,NA,Dina,NA,parva
Dineutus,Arthropoda,Insecta,NA,Coleoptera,NA,Gyrinidae,NA,NA,NA,Dineutus,NA,NA
Dineutus assimilis,Arthropoda,Insecta,NA,Coleoptera,NA,Gyrinidae,NA,NA,NA,Dineutus,NA,assimilis
Diporeia,Arthropoda,Malacostraca,NA,Amphipoda,NA,Pontoporeiidae,NA,NA,NA,Diporeia,NA,NA
Diporeia hoyi,Arthropoda,Malacostraca,NA,Amphipoda,NA,Pontoporeiidae,NA,NA,NA,Diporeia,NA,hoyi
Diptera,Arthropoda,Insecta,NA,Diptera,NA,NA,NA,NA,NA,NA,NA,NA
Dixella,Arthropoda,Insecta,NA,Diptera,Nematocera,Dixidae,NA,NA,NA,Dixella,NA,NA
Doncricotopus,Arthropoda,Insecta,NA,Diptera,Nematocera,Chironomidae,Orthocladiinae,NA,NA,Doncricotopus,NA,NA
Doncricotopus bicaudatus,Arthropoda,Insecta,NA,Diptera,Nematocera,Chironomidae,Orthocladiinae,NA,NA,Doncricotopus,NA,bicaudatus
Dreissena,Mollusca,Bivalvia,NA,Veneroida,NA,Dreissenidae,NA,NA,NA,Dreissena,NA,NA
Dreissena bugensis,Mollusca,Bivalvia,NA,Veneroida,NA,Dreissenidae,NA,NA,NA,Dreissena,NA,bugensis
Dreissena polymorpha,Mollusca,Bivalvia,NA,Veneroida,NA,Dreissenidae,NA,NA,NA,Dreissena,NA,polymorpha
Dreissenidae,Mollusca,Bivalvia,NA,Veneroida,NA,Dreissenidae,NA,NA,NA,NA,NA,NA
Dubiraphia,Arthropoda,Insecta,NA,Coleoptera,NA,Elmidae,NA,NA,NA,Dubiraphia,NA,NA
Dubiraphia minima,Arthropoda,Insecta,NA,Coleoptera,NA,Elmidae,NA,NA,NA,Dubiraphia,NA,minima
Dubiraphia robusta,Arthropoda,Insecta,NA,Coleoptera,NA,Elmidae,NA,NA,NA,Dubiraphia,NA,robusta
Dytiscidae,Arthropoda,Insecta,NA,Coleoptera,NA,Dytiscidae,NA,NA,NA,NA,NA,NA
Echinogammarus ischnus,Arthropoda,Malacostraca,NA,Amphipoda,NA,Gammaridae,NA,NA,NA,Echinogammarus,NA,ischnus
Einfeldia,Arthropoda,Insecta,NA,Diptera,Nematocera,Chironomidae,Chironominae,Chironomini,NA,Einfeldia,NA,NA
Elliptio complanata,Mollusca,Bivalvia,NA,Unionoida,NA,Unionidae,NA,NA,NA,Elliptio,NA,complanata
Elmidae,Arthropoda,Insecta,NA,Coleoptera,NA,Elmidae,NA,NA,NA,NA,NA,NA
Elophila,Arthropoda,Insecta,NA,Lepidoptera,NA,Crambidae,Nymphulinae,Nymphulini,NA,Elophila,NA,NA
Empididae,Arthropoda,Insecta,NA,Diptera,Brachycera,Empididae,NA,NA,NA,NA,NA,NA
Enallagma,Arthropoda,Insecta,NA,Odonata,Zygoptera,Coenagrionidae,NA,NA,NA,Enallagma,NA,NA
Enallagma carunculatum,Arthropoda,Insecta,NA,Odonata,Zygoptera,Coenagrionidae,NA,NA,NA,Enallagma,NA,carunculatum
Enallagma ebrium/hageni,Arthropoda,Insecta,NA,Odonata,Zygoptera,Coenagrionidae,NA,NA,NA,Enallagma,ebrium/hageni,NA
Enallagma hageni,Arthropoda,Insecta,NA,Odonata,Zygoptera,Coenagrionidae,NA,NA,NA,Enallagma,NA,hageni
Enallagma hageni/ebrium,Arthropoda,Insecta,NA,Odonata,Zygoptera,Coenagrionidae,NA,NA,NA,Enallagma,hageni/ebrium,NA
Enallagma signatum,Arthropoda,Insecta,NA,Odonata,Zygoptera,Coenagrionidae,NA,NA,NA,Enallagma,NA,signatum
Enchytraeidae,Annelida,Oligochaeta,NA,Enchytraeida,NA,Enchytraeidae,NA,NA,NA,NA,NA,NA
Endochironomus,Arthropoda,Insecta,NA,Diptera,Nematocera,Chironomidae,Chironominae,Chironomini,NA,Endochironomus,NA,NA
Endotribelos,Arthropoda,Insecta,NA,Diptera,Nematocera,Chironomidae,Orthocladiinae,NA,NA,Endotribelos,NA,NA
Enochrus,Arthropoda,Insecta,NA,Coleoptera,NA,Hydrophilidae,Hydrophilinae,Hydrophilini,NA,Enochrus,NA,NA
Enochrus ochraceus,Arthropoda,Insecta,NA,Coleoptera,NA,Hydrophilidae,Hydrophilinae,Hydrophilini,NA,Enochrus,NA,ochraceus
Ephemera,Arthropoda,Insecta,NA,Ephemeroptera,NA,Ephemeridae,NA,NA,NA,Ephemera,NA,NA
Ephemera simulans,Arthropoda,Insecta,NA,Ephemeroptera,NA,Ephemeridae,NA,NA,NA,Ephemera,NA,simulans
Ephemerellidae,Arthropoda,Insecta,NA,Ephemeroptera,NA,Ephemerellidae,NA,NA,NA,NA,NA,NA
Ephemeridae,Arthropoda,Insecta,NA,Ephemeroptera,NA,Ephemeridae,NA,NA,NA,NA,NA,NA
Ephemeroptera,Arthropoda,Insecta,NA,Ephemeroptera,NA,NA,NA,NA,NA,NA,NA,NA
Ephydridae,Arthropoda,Insecta,NA,Diptera,Brachycera,Ephydridae,NA,NA,NA,NA,NA,NA
Epischura lacustris,Arthropoda,Maxillopoda,NA,Calanoida,NA,Temoridae,NA,NA,NA,Epischura,NA,lacustris
Epithecaÿprinceps,Arthropoda,Insecta,NA,Odonata,Anisoptera,Corduliidae,NA,NA,NA,Epitheca,NA,princeps
Epoicocladius,Arthropoda,Insecta,NA,Diptera,Nematocera,Chironomidae,Orthocladiinae,NA,NA,Epoicocladius,NA,NA
Epoicocladius flavens,Arthropoda,Insecta,NA,Diptera,Nematocera,Chironomidae,Orthocladiinae,NA,NA,Epoicocladius,NA,flavens
Erpobdella,Annelida,Hirudinea,NA,Arhynchobdellida,NA,Erpobdellidae,Erpobdellinae,NA,NA,Erpobdella,NA,NA
Erpobdella fervida,Annelida,Hirudinea,NA,Arhynchobdellida,NA,Erpobdellidae,Erpobdellinae,NA,NA,Erpobdella,NA,fervida
Erpobdella microstoma,Annelida,Hirudinea,NA,Arhynchobdellida,NA,Erpobdellidae,Erpobdellinae,NA,NA,Erpobdella,NA,microstoma
Erpobdella parva,Annelida,Hirudinea,NA,Arhynchobdellida,NA,Erpobdellidae,Erpobdellinae,NA,NA,Erpobdella,NA,parva
Erpobdella punctata,Annelida,Hirudinea,NA,Arhynchobdellida,NA,Erpobdellidae,Erpobdellinae,NA,NA,Erpobdella,NA,punctata
Erpobdellidae,Annelida,Hirudinea,NA,Arhynchobdellida,NA,Erpobdellidae,NA,NA,NA,NA,NA,NA
Eubosmina coregoni,Arthropoda,Branchiopoda,NA,Diplostraca,NA,Bosminidae,NA,NA,NA,Bosmina,NA,coregoni
Eubosmina longispina,Arthropoda,Branchiopoda,NA,Diplostraca,NA,Bosminidae,NA,NA,NA,Bosmina,NA,longispina
Eucyclops agilis,Arthropoda,Maxillopoda,NA,Cyclopoida,NA,Cyclopidae,NA,NA,NA,Eucyclops,NA,agilis
Eucyclops elegans,Arthropoda,Maxillopoda,NA,Cyclopoida,NA,Cyclopidae,NA,NA,NA,Eucyclops,NA,elegans
Eukiefferiella,Arthropoda,Insecta,NA,Diptera,Nematocera,Chironomidae,Orthocladiinae,NA,NA,Eukiefferiella,NA,NA
Eurycercus lamellatus,Arthropoda,Branchiopoda,NA,Diplostraca,NA,Chydoridae,NA,NA,NA,Eurycercus,NA,lamellatus
Eurylophella,Arthropoda,Insecta,NA,Ephemeroptera,NA,Ephemerellidae,NA,NA,NA,Eurylophella,NA,NA
Eurylophella lutulenta,Arthropoda,Insecta,NA,Ephemeroptera,NA,Ephemerellidae,NA,NA,NA,Eurylophella,NA,lutulenta
Eurytemora affinis,Arthropoda,Maxillopoda,NA,Calanoida,NA,Temoridae,NA,NA,NA,Eurytemora,NA,affinis
Eylais,Arthropoda,Arachnida,Acariformes,Trombidiformes,NA,Eylaidae,NA,NA,NA,Eylais,NA,NA
Ferrissia,Mollusca,Gastropoda,NA,Basommatophora,NA,Ancylidae,NA,NA,NA,Ferrissia,NA,NA
Ferrissia rivularis,Mollusca,Gastropoda,NA,Basommatophora,NA,Ancylidae,NA,NA,NA,Ferrissia,NA,rivularis
Forcipomyia,Arthropoda,Insecta,NA,Diptera,Nematocera,Ceratopogonidae,Forcipomyiinae,NA,NA,Forcipomyia,NA,NA
Forelia,Arthropoda,Arachnida,Acariformes,Trombidiformes,NA,Pionidae,NA,NA,NA,Forelia,NA,NA
Frontipoda,Arthropoda,Arachnida,Acariformes,Trombidiformes,NA,Oxidae,NA,NA,NA,Frontipoda,NA,NA
Gammaridae,Arthropoda,Malacostraca,NA,Amphipoda,NA,Gammaridae,NA,NA,NA,NA,NA,NA
Gammarus,Arthropoda,Malacostraca,NA,Amphipoda,NA,Gammaridae,NA,NA,NA,Gammarus,NA,NA
Gammarus fasciatus,Arthropoda,Malacostraca,NA,Amphipoda,NA,Gammaridae,NA,NA,NA,Gammarus,NA,fasciatus
Gammarus lacustris,Arthropoda,Malacostraca,NA,Amphipoda,NA,Gammaridae,NA,NA,NA,Gammarus,NA,lacustris
Gammarus pseudolimnaeus,Arthropoda,Malacostraca,NA,Amphipoda,NA,Gammaridae,NA,NA,NA,Gammarus,NA,pseudolimnaeus
Gastropoda,Mollusca,Gastropoda,NA,NA,NA,NA,NA,NA,NA,NA,NA,NA
Gerridae,Arthropoda,Insecta,NA,Hemiptera,NA,Gerridae,NA,NA,NA,NA,NA,NA
Gerrinae,Arthropoda,Insecta,NA,Hemiptera,NA,Gerridae,Gerrinae,NA,NA,NA,NA,NA
Gerris,Arthropoda,Insecta,NA,Hemiptera,NA,Gerridae,Gerrinae,NA,NA,Gerris,NA,NA
Gerris buenoi,Arthropoda,Insecta,NA,Hemiptera,NA,Gerridae,Gerrinae,NA,NA,Gerris,NA,buenoi
Gerris comatus,Arthropoda,Insecta,NA,Hemiptera,NA,Gerridae,Gerrinae,NA,NA,Gerris,NA,comatus
Gerris marginatus,Arthropoda,Insecta,NA,Hemiptera,NA,Gerridae,Gerrinae,NA,NA,Gerris,NA,marginatus
Gloiobdella elongata,Annelida,Hirudinea,NA,Rhynchobdellida,NA,Glossiphoniidae,Haementeriinae,NA,NA,Gloiobdella,NA,elongata
Glossiphonia complanata,Annelida,Hirudinea,NA,Rhynchobdellida,NA,Glossiphoniidae,Glossiphoniinae,NA,NA,Glossiphonia,NA,complanata
Glossiphoniidae,Annelida,Hirudinea,NA,Rhynchobdellida,NA,Glossiphoniidae,NA,NA,NA,NA,NA,NA
Glyphopsyche irrorata,Arthropoda,Insecta,NA,Trichoptera,NA,Limnephilidae,Limnephilinae,Chilostigmini,NA,Glyphopsyche,NA,irrorata
Glyptotendipes,Arthropoda,Insecta,NA,Diptera,Nematocera,Chironomidae,Chironominae,Chironomini,NA,Glyptotendipes,NA,NA
Gomphidae,Arthropoda,Insecta,NA,Odonata,Anisoptera,Gomphidae,NA,NA,NA,NA,NA,NA
Gomphus,Arthropoda,Insecta,NA,Odonata,Anisoptera,Gomphidae,NA,NA,NA,Gomphus,NA,NA
Gyraulus,Mollusca,Gastropoda,NA,Basommatophora,NA,Planorbidae,NA,NA,NA,Gyraulus,NA,NA
Gyraulus circumstriatus,Mollusca,Gastropoda,NA,Basommatophora,NA,Planorbidae,NA,NA,NA,Gyraulus,NA,circumstriatus
Gyraulus crista,Mollusca,Gastropoda,NA,Basommatophora,NA,Planorbidae,NA,NA,NA,Armiger,NA,crista
Gyraulus deflectus,Mollusca,Gastropoda,NA,Basommatophora,NA,Planorbidae,NA,NA,NA,Gyraulus,NA,deflectus
Gyraulus parvus,Mollusca,Gastropoda,NA,Basommatophora,NA,Planorbidae,NA,NA,NA,Gyraulus,NA,parvus
Gyrinidae,Arthropoda,Insecta,NA,Coleoptera,Adephaga,Gyrinidae,NA,NA,NA,NA,NA,NA
Gyrinus,Arthropoda,Insecta,NA,Coleoptera,NA,Gyrinidae,NA,NA,NA,Gyrinus,NA,NA
Gyrinus affinis,Arthropoda,Insecta,NA,Coleoptera,NA,Gyrinidae,NA,NA,NA,Gyrinus,NA,affinis
Gyrinus cavatus,Arthropoda,Insecta,NA,Coleoptera,NA,Gyrinidae,NA,NA,NA,Gyrinus,NA,cavatus
Gyrinus confinis,Arthropoda,Insecta,NA,Coleoptera,NA,Gyrinidae,NA,NA,NA,Gyrinus,NA,confinis
Gyrinus dichrous,Arthropoda,Insecta,NA,Coleoptera,NA,Gyrinidae,NA,NA,NA,Gyrinus,NA,dichrous
Gyrinus latilimbus,Arthropoda,Insecta,NA,Coleoptera,NA,Gyrinidae,NA,NA,NA,Gyrinus,NA,latilimbus
Gyrinus maculiventris,Arthropoda,Insecta,NA,Coleoptera,NA,Gyrinidae,NA,NA,NA,Gyrinus,NA,maculiventris
Gyrinus sayi,Arthropoda,Insecta,NA,Coleoptera,NA,Gyrinidae,NA,NA,NA,Gyrinus,NA,sayi
Gyrinus ventralis,Arthropoda,Insecta,NA,Coleoptera,NA,Gyrinidae,NA,NA,NA,Gyrinus,NA,ventralis
Haemonais waldvogeli,Annelida,Oligochaeta,NA,Tubificida,NA,Naididae,Naidinae,Naidinae W/O proboscis,NA,Haemonais,NA,waldvogeli
Haemopis grandis,Annelida,Hirudinea,NA,Arhynchobdellida,NA,Haemopidae,Haemopinae,NA,NA,Haemopis,NA,grandis
Haliplidae,Arthropoda,Insecta,NA,Coleoptera,NA,Haliplidae,NA,NA,NA,NA,NA,NA
Haliplus,Arthropoda,Insecta,NA,Coleoptera,NA,Haliplidae,NA,NA,NA,Haliplus,NA,NA
Haliplus borealis,Arthropoda,Insecta,NA,Coleoptera,NA,Haliplidae,NA,NA,NA,Haliplus,NA,borealis
Haliplus cribrarius,Arthropoda,Insecta,NA,Coleoptera,NA,Haliplidae,NA,NA,NA,Haliplus,NA,cribrarius
Haliplus immaculicollis,Arthropoda,Insecta,NA,Coleoptera,NA,Haliplidae,NA,NA,NA,Haliplus,NA,immaculicollis
Haliplus pantherinus,Arthropoda,Insecta,NA,Coleoptera,NA,Haliplidae,NA,NA,NA,Haliplus,NA,pantherinus
Harnischia,Arthropoda,Insecta,NA,Diptera,Nematocera,Chironomidae,Chironominae,Chironomini,NA,Harnischia,NA,NA
Harnischia complex,Arthropoda,Insecta,NA,Diptera,Nematocera,Chironomidae,Chironominae,Chironomini,Harnischia complex,NA,NA,complex
Helicopsyche borealis,Arthropoda,Insecta,NA,Trichoptera,NA,Helicopsychidae,NA,NA,NA,Helicopsyche,NA,borealis
Helisoma,Mollusca,Gastropoda,NA,Basommatophora,NA,Planorbidae,NA,NA,NA,Helisoma,NA,NA
Helisoma anceps,Mollusca,Gastropoda,NA,Basommatophora,NA,Planorbidae,NA,NA,NA,Helisoma,NA,anceps
Helisoma companulata,Mollusca,Gastropoda,NA,Basommatophora,NA,Planorbidae,NA,NA,NA,Planorbella,NA,campanulata
Helisoma trivolvis,Mollusca,Gastropoda,NA,Basommatophora,NA,Planorbidae,NA,NA,NA,Planorbella,NA,trivolvis
Helius,Arthropoda,Insecta,NA,Diptera,Nematocera,Tipulidae,Limoniinae,Limoniini,NA,Helius,NA,NA
Helobdella,Annelida,Hirudinea,NA,Rhynchobdellida,NA,Glossiphoniidae,Haementeriinae,NA,NA,Helobdella,NA,NA
Helobdella elongata,Annelida,Hirudinea,NA,Rhynchobdellida,NA,Glossiphoniidae,Haementeriinae,NA,NA,Helobdella,NA,elongata
Helobdella fusca,Annelida,Hirudinea,NA,Rhynchobdellida,NA,Glossiphoniidae,Haementeriinae,NA,NA,Helobdella,NA,fusca
Helobdella papillata,Annelida,Hirudinea,NA,Rhynchobdellida,NA,Glossiphoniidae,Haementeriinae,NA,NA,Helobdella,NA,papillata
Helobdella stagnalis,Annelida,Hirudinea,NA,Rhynchobdellida,NA,Glossiphoniidae,Haementeriinae,NA,NA,Helobdella,NA,stagnalis
Hemerodromia,Arthropoda,Insecta,NA,Diptera,Brachycera,Empididae,Hemerodromiinae,Hemerodromiini,NA,Hemerodromia,NA,NA
Hemiptera,Arthropoda,Insecta,NA,Hemiptera,NA,NA,NA,NA,NA,NA,NA,NA
Heptagenia,Arthropoda,Insecta,NA,Ephemeroptera,NA,Heptageniidae,NA,NA,NA,Heptagenia,NA,NA
Heptagenia pulla,Arthropoda,Insecta,NA,Ephemeroptera,NA,Heptageniidae,NA,NA,NA,Heptagenia,NA,pulla
Heptageniidae,Arthropoda,Insecta,NA,Ephemeroptera,NA,Heptageniidae,NA,NA,NA,NA,NA,NA
Hesperocorixa,Arthropoda,Insecta,NA,Hemiptera,NA,Corixidae,Corixinae,NA,NA,Hesperocorixa,NA,NA
Hesperocorixa kennicotti,Arthropoda,Insecta,NA,Hemiptera,NA,Corixidae,Corixinae,NA,NA,Hesperocorixa,NA,kennicotti
Hesperocorixa lucida,Arthropoda,Insecta,NA,Hemiptera,NA,Corixidae,Corixinae,NA,NA,Hesperocorixa,NA,lucida
Hesperocorixa michiganensis,Arthropoda,Insecta,NA,Hemiptera,NA,Corixidae,Corixinae,NA,NA,Hesperocorixa,NA,michiganensis
Heterotrissocladius,Arthropoda,Insecta,NA,Diptera,Nematocera,Chironomidae,Orthocladiinae,NA,NA,Heterotrissocladius,NA,NA
Heterotrissocladius maeaeri group,Arthropoda,Insecta,NA,Diptera,Nematocera,Chironomidae,Orthocladiinae,NA,NA,Heterotrissocladius,maeaeri group,NA
"Heterotrissocladius maeaeri group, Sp. B.",Arthropoda,Insecta,NA,Diptera,Nematocera,Chironomidae,Orthocladiinae,NA,NA,Heterotrissocladius,NA,"maeaeri group, Sp. B."
Heterotrissocladius marcidus group,Arthropoda,Insecta,NA,Diptera,Nematocera,Chironomidae,Orthocladiinae,NA,NA,Heterotrissocladius,marcidus group,NA
Heterotrissocladius sp. B,Arthropoda,Insecta,NA,Diptera,Nematocera,Chironomidae,Orthocladiinae,NA,NA,Heterotrissocladius,NA,sp. B
Heterotrissocladius sp. C,Arthropoda,Insecta,NA,Diptera,Nematocera,Chironomidae,Orthocladiinae,NA,NA,Heterotrissocladius,NA,sp. C
Heterotrissocladius subpilosus group,Arthropoda,Insecta,NA,Diptera,Nematocera,Chironomidae,Orthocladiinae,NA,NA,Heterotrissocladius,subpilosus group,NA
Hexagenia,Arthropoda,Insecta,NA,Ephemeroptera,NA,Ephemeridae,NA,NA,NA,Hexagenia,NA,NA
Hexagenia limbata,Arthropoda,Insecta,NA,Ephemeroptera,NA,Ephemeridae,NA,NA,NA,Hexagenia,NA,limbata
Hirudinea,Annelida,Hirudinea,NA,NA,NA,NA,NA,NA,NA,NA,NA,NA
Holopedium glacialis,Arthropoda,Branchiopoda,NA,Diplostraca,NA,Holopediidae,NA,NA,NA,Holopedium,NA,glacialis
Homocyclops ater,Arthropoda,Maxillopoda,NA,Cyclopoida,NA,Cyclopidae,NA,NA,NA,Homocyclops,NA,ater
Hyalella,Arthropoda,Malacostraca,NA,Amphipoda,NA,Hyalellidae,NA,NA,NA,Hyalella,NA,NA
Hyalella azteca,Arthropoda,Malacostraca,NA,Amphipoda,NA,Hyalellidae,NA,NA,NA,Hyalella,NA,azteca
Hyalinella orbisperma,Bryozoa,Phylactolaemata,NA,Plumatellida,NA,Plumatellidae,NA,NA,NA,Hyalinella,NA,orbisperma
Hydra,Cnidaria,Hydrozoa,NA,Anthoathecataeÿ,NA,Hydridae,NA,NA,NA,Hydra,NA,NA
Hydrachna,Arthropoda,Arachnida,Acariformes,Trombidiformes,NA,Hydrachnidae,NA,NA,NA,Hydrachna,NA,NA
Hydraena,Arthropoda,Insecta,NA,Coleoptera,NA,Hydraenidae,Hydraeninae,Hydraenini,NA,Hydraena,NA,NA
Hydrobaenus,Arthropoda,Insecta,NA,Diptera,Nematocera,Chironomidae,Orthocladiinae,NA,NA,Hydrobaenus,NA,NA
Hydrobiidae,Mollusca,Gastropoda,NA,Neotaenioglossa,NA,Hydrobiidae,NA,NA,NA,NA,NA,NA
Hydrochoreutes,Arthropoda,Arachnida,Acariformes,Trombidiformes,NA,Pionidae,NA,NA,NA,Hydrochoreutes,NA,NA
Hydrodroma,Arthropoda,Arachnida,Acariformes,Trombidiformes,NA,Hydrodromidae,NA,NA,NA,Hydrodroma,NA,NA
Hydroporinae,Arthropoda,Insecta,NA,Coleoptera,NA,Dytiscidae,Hydroporinae,NA,NA,NA,NA,NA
Hydroporini,Arthropoda,Insecta,NA,Coleoptera,NA,Dytiscidae,Hydroporinae,Hydroporini,NA,NA,NA,NA
Hydropsyche,Arthropoda,Insecta,NA,Trichoptera,NA,Hydropsychidae,Hydropsychinae,NA,NA,Hydropsyche,NA,NA
Hydropsyche betteni,Arthropoda,Insecta,NA,Trichoptera,NA,Hydropsychidae,Hydropsychinae,NA,NA,Hydropsyche,NA,betteni
Hydropsyche phalerata,Arthropoda,Insecta,NA,Trichoptera,NA,Hydropsychidae,Hydropsychinae,NA,NA,Hydropsyche,NA,phalerata
Hydropsychidae,Arthropoda,Insecta,NA,Trichoptera,NA,Hydropsychidae,NA,NA,NA,NA,NA,NA
Hydroptila,Arthropoda,Insecta,NA,Trichoptera,NA,Hydroptilidae,Hydroptilinae,Hydroptilini,NA,Hydroptila,NA,NA
Hydroptilidae,Arthropoda,Insecta,NA,Trichoptera,NA,Hydroptilidae,NA,NA,NA,NA,NA,NA
Hydryphantidae,Arthropoda,Arachnida,Acariformes,Trombidiformes,NA,Hydryphantidae,NA,NA,NA,NA,NA,NA
Hygrobates,Arthropoda,Arachnida,Acariformes,Trombidiformes,NA,Hygrobatidae,NA,NA,NA,Hygrobates,NA,NA
Hygrobatidae,Arthropoda,Arachnida,Acariformes,Trombidiformes,NA,Hygrobatidae,NA,NA,NA,NA,NA,NA
Hygrotus,Arthropoda,Insecta,NA,Coleoptera,NA,Dytiscidae,Hydroporinae,Hygrotini,NA,Hygrotus,NA,NA
Hymenoptera,Arthropoda,Insecta,NA,Hymenoptera,NA,NA,NA,NA,NA,NA,NA,NA
Hyporhygma quadripunctatus,Arthropoda,Insecta,NA,Diptera,Nematocera,Chironomidae,Chironominae,Chironomini,NA,Hyporhygma,NA,quadripunctatus
Ilybius,Arthropoda,Insecta,NA,Coleoptera,NA,Dytiscidae,Agabinae,Agabini,NA,Ilybius,NA,NA
Ilybius biguttulus,Arthropoda,Insecta,NA,Coleoptera,NA,Dytiscidae,Agabinae,Agabini,NA,Ilybius,NA,biguttulus
Ilyocryptus acutifrons,Arthropoda,Branchiopoda,NA,Diplostraca,NA,Ilyocryptidae,NA,NA,NA,Ilyocryptus,NA,acutifrons
Ilyocryptus gouldeni,Arthropoda,Branchiopoda,NA,Diplostraca,NA,Ilyocryptidae,NA,NA,NA,Ilyocryptus,NA,gouldeni
Insecta,Arthropoda,Insecta,NA,NA,NA,NA,NA,NA,NA,NA,NA,NA
Ischnura,Arthropoda,Insecta,NA,Odonata,Zygoptera,Coenagrionidae,NA,NA,NA,Ischnura,NA,NA
Isopoda,Arthropoda,Malacostraca,NA,Isopoda,NA,NA,NA,NA,NA,NA,NA,NA
Krendowskia,Arthropoda,Arachnida,Acariformes,Trombidiformes,NA,Krendowskiidae,NA,NA,NA,Krendowskia,NA,NA
Laccobius,Arthropoda,Insecta,NA,Coleoptera,NA,Hydrophilidae,Hydrophilinae,Laccobiini,NA,Laccobius,NA,NA
Laccobius truncatipennis,Arthropoda,Insecta,NA,Coleoptera,NA,Hydrophilidae,Hydrophilinae,Laccobiini,NA,Laccobius,NA,truncatipennis
Laccophilus,Arthropoda,Insecta,NA,Coleoptera,NA,Dytiscidae,Laccophilinae,Laccophilini,NA,Laccophilus,NA,NA
Laccophilus maculosus,Arthropoda,Insecta,NA,Coleoptera,NA,Dytiscidae,Laccophilinae,Laccophilini,NA,Laccophilus,NA,maculosus
Lampsilis,Mollusca,Pelecypoda,NA,Unionoida,NA,Unionidae,NA,NA,NA,Lampsilis,NA,NA
Lampsilis siliquoidea,Mollusca,Pelecypoda,NA,Unionoida,NA,Unionidae,NA,NA,NA,Lampsilis,NA,siliquoidea
Lampyridae,Arthropoda,Hexapoda,NA,Coleoptera,NA,Lampyridae,NA,NA,NA,NA,NA,NA
Lasmigona,Mollusca,Bivalvia,NA,Unionoida,NA,Unionidae,NA,NA,NA,Lasmigona,NA,NA
Latona setifera,Arthropoda,Branchiopoda,NA,Diplostraca,NA,Sididae,NA,NA,NA,Latona,NA,setifera
Laversia,Arthropoda,Arachnida,Acariformes,Trombidiformes,NA,Laversiidae,NA,NA,NA,Laversia,NA,NA
Lebertia,Arthropoda,Arachnida,Acariformes,Trombidiformes,NA,Lebertiidae,NA,NA,NA,Lebertia,NA,NA
Lepidoptera,Arthropoda,Insecta,NA,Lepidoptera,NA,NA,NA,NA,NA,NA,NA,NA
Lepidostoma,Arthropoda,Insecta,NA,Trichoptera,NA,Lepidostomatidae,Lepidostomatinae,NA,NA,Lepidostoma,NA,NA
Lepidostomatidae,Arthropoda,Insecta,NA,Trichoptera,NA,Lepidostomatidae,NA,NA,NA,NA,NA,NA
Leptoceridae,Arthropoda,Insecta,NA,Trichoptera,NA,Leptoceridae,NA,NA,NA,NA,NA,NA
Leptocerus americanus,Arthropoda,Insecta,NA,Trichoptera,NA,Leptoceridae,Leptocerinae,Leptocerini,NA,Leptocerus,NA,americanus
Leptodiaptomus ashlandi,Arthropoda,Maxillopoda,NA,Diplostraca,NA,Diaptomidae,NA,NA,NA,Leptodiaptomus,NA,ashlandi
Leptodiaptomus minutus,Arthropoda,Maxillopoda,NA,Diplostraca,NA,Diaptomidae,NA,NA,NA,Leptodiaptomus,NA,minutus
Leptodiaptomus sicilis,Arthropoda,Maxillopoda,NA,Diplostraca,NA,Diaptomidae,NA,NA,NA,Leptodiaptomus,NA,sicilis
Leptodora kindtii,Arthropoda,Branchiopoda,NA,Diplostraca,NA,Leptodoridae,NA,NA,NA,Leptodora,NA,kindtii
Leptohyphidae,Arthropoda,Insecta,NA,Ephemeroptera,NA,Leptohyphidae,NA,NA,NA,NA,NA,NA
Leptophlebiidae,Arthropoda,Insecta,NA,Ephemeroptera,NA,Leptophlebiidae,NA,NA,NA,NA,NA,NA
Lethocerus americanus,Arthropoda,Insecta,NA,Hemiptera,NA,Belostomatidae,Lethocerinae,NA,NA,Lethocerus,NA,americanus
Limnephilidae,Arthropoda,Insecta,NA,Trichoptera,NA,Limnephilidae,NA,NA,NA,NA,NA,NA
Limnephilus,Arthropoda,Insecta,NA,Trichoptera,NA,Limnephilidae,Limnephilinae,Limnephilini,NA,Limnephilus,NA,NA
Limnesia,Arthropoda,Arachnida,Acariformes,Trombidiformes,NA,Limnesiidae,NA,NA,NA,Limnesia,NA,NA
Limnocalanus macrurus,Arthropoda,Maxillopoda,NA,Diplostraca,NA,Centropagidae,NA,NA,NA,Limnocalanus,NA,macrurus
Limnodrilus,Annelida,Oligochaeta,NA,Tubificida,NA,Naididae,Tubificinae,Tubificinae W/O setal hair chaeta,NA,Limnodrilus,NA,NA
Limnodrilus cervix,Annelida,Oligochaeta,NA,Tubificida,NA,Naididae,Tubificinae,Tubificinae W/O setal hair chaeta,NA,Limnodrilus,NA,cervix
Limnodrilus claparedianus,Annelida,Oligochaeta,NA,Tubificida,NA,Naididae,Tubificinae,Tubificinae W/O setal hair chaeta,NA,Limnodrilus,NA,claparedianus
Limnodrilus hoffmeisteri,Annelida,Oligochaeta,NA,Tubificida,NA,Naididae,Tubificinae,Tubificinae W/O setal hair chaeta,NA,Limnodrilus,NA,hoffmeisteri
Limnodrilus maumeensis,Annelida,Oligochaeta,NA,Tubificida,NA,Naididae,Tubificinae,Tubificinae W/O setal hair chaeta,NA,Limnodrilus,NA,maumeensis
Limnodrilus profundicola,Annelida,Oligochaeta,NA,Tubificida,NA,Naididae,Tubificinae,Tubificinae W/O setal hair chaeta,NA,Limnodrilus,NA,profundicola
Limnodrilus udekemianus,Annelida,Oligochaeta,NA,Tubificida,NA,Naididae,Tubificinae,Tubificinae W/O setal hair chaeta,NA,Limnodrilus,NA,udekemianus
Limnophyes,Arthropoda,Insecta,NA,Diptera,Nematocera,Chironomidae,Orthocladiinae,NA,NA,Limnophyes,NA,NA
Limnoporus dissortis,Arthropoda,Insecta,NA,Hemiptera,NA,Gerridae,Gerrinae,NA,NA,Limnoporus,NA,dissortis
Limonia,Arthropoda,Insecta,NA,Diptera,Nematocera,Tipulidae,Limoniinae,Limoniini,NA,Limonia,NA,NA
Liodessus,Arthropoda,Insecta,NA,Coleoptera,NA,Dytiscidae,Hydroporinae,Bidessini,NA,Liodessus,NA,NA
Liodessus flavicollis,Arthropoda,Insecta,NA,Coleoptera,NA,Dytiscidae,Hydroporinae,Bidessini,NA,Liodessus,NA,flavicollis
Lipinella,Arthropoda,Insecta,NA,Diptera,Nematocera,Chironomidae,Chironominae,Chironomini,NA,Lipinella,NA,NA
Lirceus,Arthropoda,Malacostraca,NA,Isopoda,NA,Asellidae,NA,NA,NA,Lirceus,NA,NA
Lirceus lineatus,Arthropoda,Malacostraca,NA,Isopoda,NA,Asellidae,NA,NA,NA,Lirceus,NA,lineatus
Lopescladius,Arthropoda,Insecta,NA,Diptera,Nematocera,Chironomidae,Orthocladiinae,NA,NA,Lopescladius,NA,NA
Lumbricidae,Annelida,Oligochaeta,NA,Opistophora,NA,Lumbricidae,NA,NA,NA,NA,NA,NA
Lumbricina,Annelida,Oligochaeta,NA,Tubificida,Lumbricina,NA,NA,NA,NA,NA,NA,NA
Lumbriculidae,Annelida,Oligochaeta,NA,Lumbriculida,NA,Lumbriculidae,NA,NA,NA,NA,NA,NA
Lymnaea,Mollusca,Gastropoda,NA,Basommatophora,NA,Lymnaeidae,NA,NA,NA,Lymnaea,NA,NA
Lymnaea catascopium,Mollusca,Gastropoda,NA,Basommatophora,NA,Lymnaeidae,NA,NA,NA,Lymnaea,NA,catascopium
Lymnaea columella,Mollusca,Gastropoda,NA,Basommatophora,NA,Lymnaeidae,NA,NA,NA,Lymnaea,NA,columella
Lymnaea elodes,Mollusca,Gastropoda,NA,Basommatophora,NA,Lymnaeidae,NA,NA,NA,Lymnaea,NA,elodes
Lymnaea emarginata,Mollusca,Gastropoda,NA,Basommatophora,NA,Lymnaeidae,NA,NA,NA,Lymnaea,NA,emarginata
Lymnaea exilis,Mollusca,Gastropoda,NA,Basommatophora,NA,Lymnaeidae,NA,NA,NA,Lymnaea,NA,exilis?
Lymnaea galbana,Mollusca,Gastropoda,NA,Basommatophora,NA,Lymnaeidae,NA,NA,NA,Lymnaea,NA,galbana
Lymnaea humilis,Mollusca,Gastropoda,NA,Basommatophora,NA,Lymnaeidae,NA,NA,NA,Lymnaea,NA,humilis
Lymnaea obrussa,Mollusca,Gastropoda,NA,Basommatophora,NA,Lymnaeidae,NA,NA,NA,Lymnaea,NA,obrussa
Lymnaea obrussa group,Mollusca,Gastropoda,NA,Basommatophora,NA,Lymnaeidae,NA,NA,NA,Lymnaea,obrussa group,NA
Lymnaea reflexa,Mollusca,Gastropoda,NA,Basommatophora,NA,Lymnaeidae,NA,NA,NA,Lymnaea,NA,reflexa
Lymnaea stagnalis,Mollusca,Gastropoda,NA,Basommatophora,NA,Lymnaeidae,NA,NA,NA,Lymnaea,NA,stagnalis
Lymnaeidae,Mollusca,Gastropoda,NA,Basommatophora,NA,Lymnaeidae,NA,NA,NA,NA,NA,NA
Lyogyrus granum,Mollusca,Gastropoda,NA,Neotaenioglossa,NA,Hydrobiidae,NA,NA,NA,Lyogyrus,NA,granum
Maccaffertium,Arthropoda,Insecta,NA,Ephemeroptera,NA,Heptageniidae,NA,NA,NA,MacCaffertium,NA,NA
Maccaffertium terminatum,Arthropoda,Insecta,NA,Ephemeroptera,NA,Heptageniidae,NA,NA,NA,MacCaffertium,NA,terminatum
Macrocyclops albidus,Arthropoda,Maxillopoda,NA,Cyclopoida,NA,Cyclopidae,NA,NA,NA,Macrocyclops,NA,albidus
Macronychus glabratus,Arthropoda,Insecta,NA,Coleoptera,NA,Elmidae,NA,NA,NA,Macronychus,NA,glabratus
Malacostraca,Arthropoda,Malacostraca,NA,NA,NA,NA,NA,NA,NA,NA,NA,NA
Mallochohelea,Arthropoda,Insecta,NA,Diptera,Nematocera,Ceratopogonidae,Ceratopogoninae,Sphaeromiini,NA,Mallochohelea,NA,NA
Mallochohelea/Probezzia,Arthropoda,Insecta,NA,Diptera,Nematocera,Ceratopogonidae,Ceratopogoninae,Sphaeromiini,Mallochohelea/Probezzia,NA,NA,NA
Manayunkia speciosa,Annelida,Polychaeta,NA,Canalipalpata,NA,Sabellidae,NA,NA,NA,Manayunkia,NA,speciosa
Marstonia letsoni,Mollusca,Gastropoda,NA,Neotaenioglossa,NA,Hydrobiidae,NA,NA,NA,Marstonia,NA,letsoni
Marstonia lustrica,Mollusca,Gastropoda,NA,Neotaenioglossa,NA,Hydrobiidae,NA,NA,NA,Marstonia,NA,lustrica
Menetus dilatatus,Mollusca,Gastropoda,NA,Basommatophora,NA,Planorbidae,NA,NA,NA,Menetus,NA,dilatatis
Merragata hebroides,Arthropoda,Insecta,NA,Hemiptera,Heteroptera,Hebridae,Hebrinae,NA,NA,Merragata,NA,hebroides
Mesobates,Arthropoda,Arachnida,Acariformes,Trombidiformes,NA,Hygrobatidae,NA,NA,NA,Mesobates,NA,NA
Mesocyclops edax,Arthropoda,Maxillopoda,NA,Cyclopoida,NA,Cyclopidae,NA,NA,NA,Mesocyclops,NA,edax
Mesovelia,Arthropoda,Insecta,NA,Hemiptera,NA,Mesoveliidae,Mesoveliinae,NA,NA,Mesovelia,NA,NA
Mesovelia mulsanti,Arthropoda,Insecta,NA,Hemiptera,NA,Mesoveliidae,Mesoveliinae,NA,NA,Mesovelia,NA,mulsanti
Mesoveliidae,Arthropoda,Insecta,NA,Hemiptera,Heteropter,Mesoveliidae,NA,NA,NA,NA,NA,NA
Microcyclops rubellus,Arthropoda,Maxillopoda,NA,Cyclopoida,NA,Cyclopidae,NA,NA,NA,Microcyclops,NA,rubellus
Micropsectra,Arthropoda,Insecta,NA,Diptera,Nematocera,Chironomidae,Chironominae,Tanytarsini,NA,Micropsectra,NA,NA
Micropsectra/Tanytarsus,Arthropoda,Insecta,NA,Diptera,Nematocera,Chironomidae,Chironominae,Tanytarsini,Micropsectra/Tanytarsus,NA,NA,NA
Microtendipes,Arthropoda,Insecta,NA,Diptera,Nematocera,Chironomidae,Chironominae,Chironomini,NA,Microtendipes,NA,NA
Microtendipes pedellus group,Arthropoda,Insecta,NA,Diptera,Nematocera,Chironomidae,Chironominae,Chironomini,NA,Microtendipes,pedellus group,NA
Microtendipes/Apedilum,Arthropoda,Insecta,NA,Diptera,Nematocera,Chironomidae,Chironominae,Chironomini,Microtendipes/Apedilum,NA,NA,NA
Microvelia pulchella,Arthropoda,Insecta,NA,Hemiptera,NA,Veliidae,Microveliinae,NA,NA,Microvelia,NA,pulchella
Mideopsis,Arthropoda,Arachnida,Acariformes,Trombidiformes,NA,Mideopsidae,NA,NA,NA,Mideopsis,NA,NA
Molanna,Arthropoda,Insecta,NA,Trichoptera,NA,Molannidae,NA,NA,NA,Molanna,NA,NA
Molanna flavicornis,Arthropoda,Insecta,NA,Trichoptera,NA,Molannidae,NA,NA,NA,Molanna,NA,flavicornis
Molannidae,Arthropoda,Insecta,NA,Trichoptera,NA,Molannidae,NA,NA,NA,NA,NA,NA
Mollusca,Mollusca,NA,NA,NA,NA,NA,NA,NA,NA,NA,NA,NA
Monodiamesa,Arthropoda,Insecta,NA,Diptera,Nematocera,Chironomidae,Prodiamesinae,NA,NA,Monodiamesa,NA,NA
Monodiamesa bathyphila,Arthropoda,Insecta,NA,Diptera,Nematocera,Chironomidae,Prodiamesinae,NA,NA,Monodiamesa,NA,bathyphila
Monodiamesa depectinata,Arthropoda,Insecta,NA,Diptera,Nematocera,Chironomidae,Prodiamesinae,NA,NA,Monodiamesa,NA,depectinata
Monodiamesa tuberculata,Arthropoda,Insecta,NA,Diptera,Nematocera,Chironomidae,Prodiamesinae,NA,NA,Monodiamesa,NA,tuberculata
Muscamorpha,Arthropoda,Insecta,NA,Diptera,Brachycera,NA,NA,NA,NA,NA,NA,NA
Muscidae,Arthropoda,Insecta,NA,Diptera,Brachycera,Muscidae,NA,NA,NA,NA,NA,NA
Musculium,Mollusca,Bivalvia,NA,Veneroida,NA,Pisidiidae,NA,NA,NA,Musculium,NA,NA
Musculium lacustre,Mollusca,Bivalvia,NA,Veneroida,NA,Pisidiidae,NA,NA,NA,Musculium,NA,lacustre
Musculium partumeium,Mollusca,Bivalvia,NA,Veneroida,NA,Pisidiidae,NA,NA,NA,Musculium,NA,partumeium
Musculium securis,Mollusca,Bivalvia,NA,Veneroida,NA,Pisidiidae,NA,NA,NA,Musculium,NA,securis
Musculium transversum,Mollusca,Bivalvia,NA,Veneroida,NA,Sphaeriidae,NA,NA,NA,Musculium,NA,transversum
Mysidacea,Arthropoda,Malacostraca,NA,Mysida,NA,Mysidacea,NA,NA,NA,NA,NA,NA
Mysis relicta,Arthropoda,Malacostraca,NA,Mysida,NA,Mysidae,NA,NA,NA,Mysis,NA,relicta
Mystacides,Arthropoda,Insecta,NA,Trichoptera,NA,Leptoceridae,Leptocerinae,Mystacidini,NA,Mystacides,NA,NA
Mystacides interjectus,Arthropoda,Insecta,NA,Trichoptera,NA,Leptoceridae,Leptocerinae,Mystacidini,NA,Mystacides,NA,interjectus
Mystacides sepulchralis,Arthropoda,Insecta,NA,Trichoptera,NA,Leptoceridae,Leptocerinae,Mystacidini,NA,Mystacides,NA,sepulchralis
Myzobdella lugubris,Annelida,Hirudinea,NA,Rhynchobdellida,NA,Piscicolidae,Platybdellinae,NA,NA,Myzobdella,NA,lugubris
Naididae,Annelida,Oligochaeta,NA,Tubificida,NA,Naididae,NA,NA,NA,NA,NA,NA
Naidinae,Annelida,Oligochaeta,NA,Tubificida,NA,Naididae,Naidinae,NA,NA,NA,NA,NA
Naidinae W/O proboscis,Annelida,Oligochaeta,NA,Tubificida,NA,Naididae,Naidinae,Naidinae W/O proboscis,NA,NA,NA,NA
Naidinae with proboscis,Annelida,Oligochaeta,NA,Tubificida,NA,Naididae,Naidinae,Naidinae with proboscis,NA,NA,NA,NA
Nais,Annelida,Oligochaeta,NA,Tubificida,NA,Naididae,Naidinae,Naidinae W/O proboscis,NA,Nais,NA,NA
Nais barbata,Annelida,Oligochaeta,NA,Tubificida,NA,Naididae,Naidinae,Naidinae W/O proboscis,NA,Nais,NA,barbata
Nais behningi,Annelida,Oligochaeta,NA,Tubificida,NA,Naididae,Naidinae,Naidinae W/O proboscis,NA,Nais,NA,behningi
Nais bretscheri,Annelida,Oligochaeta,NA,Tubificida,NA,Naididae,Naidinae,Naidinae W/O proboscis,NA,Nais,NA,bretscheri
Nais communis,Annelida,Oligochaeta,NA,Tubificida,NA,Naididae,Naidinae,Naidinae W/O proboscis,NA,Nais,NA,communis
Nais elinguis,Annelida,Oligochaeta,NA,Tubificida,NA,Naididae,Naidinae,Naidinae W/O proboscis,NA,Nais,NA,elinguis
Nais pseudobtusa,Annelida,Oligochaeta,NA,Tubificida,NA,Naididae,Naidinae,Naidinae W/O proboscis,NA,Nais,NA,pseudobtusa
Nais simplex,Annelida,Oligochaeta,NA,Tubificida,NA,Naididae,Naidinae,Naidinae W/O proboscis,NA,Nais,NA,simplex
Nais variabilis,Annelida,Oligochaeta,NA,Tubificida,NA,Naididae,Naidinae,Naidinae W/O proboscis,NA,Nais,NA,variabilis
Nais/Dero,Annelida,Oligochaeta,NA,Tubificida,NA,Naididae,Naidinae,Naidinae W/O proboscis,Nais/Dero,NA,NA,NA
Najadicola,Arthropoda,Arachnida,Acariformes,Trombidiformes,NA,Pionidae,NA,NA,NA,Najadicola,NA,NA
Nanocladius,Arthropoda,Insecta,NA,Diptera,Nematocera,Chironomidae,Orthocladiinae,NA,NA,Nanocladius,NA,NA
Nanocladius balticus group,Arthropoda,Insecta,NA,Diptera,Nematocera,Chironomidae,Orthocladiinae,NA,NA,Nanocladius,balticus group,NA
Nanocladius crassicornus/rectinervis,Arthropoda,Insecta,NA,Diptera,Nematocera,Chironomidae,Orthocladiinae,NA,NA,Nanocladius,crassicornus/rectinervis,NA
Nasiaeschna pentacantha,Arthropoda,Insecta,NA,Odonata,Anisoptera,NA,NA,NA,NA,Nasiaeschna,NA,pentacantha
Nautarachna,Arthropoda,Arachnida,Acariformes,Trombidiformes,NA,Pionidae,NA,NA,NA,Nautarachna,NA,NA
Nebrioporus,Arthropoda,Insecta,NA,Coleoptera,NA,Dytiscidae,Hydroporinae,Hydroprini,NA,Nebrioporus,NA,NA
Nebrioporus rotundatus,Arthropoda,Insecta,NA,Coleoptera,NA,Dytiscidae,Hydroporinae,Hydroprini,NA,Nebrioporus,NA,rotundatus
Nectopsyche,Arthropoda,Insecta,NA,Trichoptera,NA,Leptoceridae,Leptocerinae,Nectopscychini,NA,Nectopsyche,NA,NA
Nectopsyche albida,Arthropoda,Insecta,NA,Trichoptera,NA,Leptoceridae,Leptocerinae,Nectopscychini,NA,Nectopsyche,NA,albida
Nectopsyche candida,Arthropoda,Insecta,NA,Trichoptera,NA,Leptoceridae,Leptocerinae,Nectopscychini,NA,Nectopsyche,NA,candida
Nectopsyche diarina,Arthropoda,Insecta,NA,Trichoptera,NA,Leptoceridae,Leptocerinae,Nectopscychini,NA,Nectopsyche,NA,diarina
Nectopsyche exquisita,Arthropoda,Insecta,NA,Trichoptera,NA,Leptoceridae,Leptocerinae,Nectopscychini,NA,Nectopsyche,NA,exquisita
Nematoda,Nematoda,NA,NA,NA,NA,NA,NA,NA,NA,NA,NA,NA
Nemertea,Nemertea,NA,NA,NA,NA,NA,NA,NA,NA,NA,NA,NA
Nemotaulius hostilis,Arthropoda,Insecta,NA,Trichoptera,NA,Limnephilidae,Limnephilinae,Limnephilini,NA,Nemotaulius,NA,hostilis
Neoacaridae,Arthropoda,Arachnida,Acariformes,Trombidiformes,NA,Neoacaridae,NA,NA,NA,NA,NA,NA
Neophylax,Arthropoda,Insecta,NA,Trichoptera,NA,Uenoidae,Thremmatinae,NA,NA,Neophylax,NA,NA
Neoplea striola,Arthropoda,Insecta,NA,Hemiptera,NA,Pleidae,NA,NA,NA,Neoplea,NA,striola
Neoporus,Arthropoda,Insecta,NA,Coleoptera,NA,Dytiscidae,Hydroporinae,Hydroporini,NA,Neoporus,NA,NA
Neoporus dimidiatus,Arthropoda,Insecta,NA,Coleoptera,NA,Dytiscidae,Hydroporinae,Hydroprini,NA,Nebrioporus,NA,dimidiatus
Neotiphys,Arthropoda,Arachnida,Acariformes,Trombidiformes,NA,Pionidae,NA,NA,NA,Neotiphys,NA,NA
Nephelopsis obscura,Annelida,Hirudinea,NA,Arhynchobdellida,NA,Erpobdellidae,Erpobdellinae,NA,NA,Nephelopsis,NA,obscura
Nepidae,Arthropoda,Insecta,NA,Hemiptera,NA,Nepidae,NA,NA,NA,NA,NA,NA
Neumania,Arthropoda,Arachnida,Acariformes,Trombidiformes,NA,Unionicolidae,NA,NA,NA,Neumania,NA,NA
Neureclipsis,Arthropoda,Insecta,NA,Trichoptera,NA,Polycentropodidae,Polycentrpodinae,NA,NA,Neureclipsis,NA,NA
Neureclipsis bimaculata,Arthropoda,Insecta,NA,Trichoptera,NA,Polycentropodidae,Polycentrpodinae,NA,NA,Neureclipsis,NA,bimaculata
Nilobezzia/Probezzia,Arthropoda,Insecta,NA,Diptera,Nematocera,Ceratopogonidae,Ceratopogoninae,Sphaeromiini,Nilobezzia/Probezzia,NA,NA,NA
Nilothauma,Arthropoda,Insecta,NA,Diptera,Nematocera,Chironomidae,Chironominae,Chironomini,NA,Nilothauma,NA,NA
Nixe,Arthropoda,Insecta,NA,Ephemeroptera,NA,Heptageniidae,NA,NA,NA,Nixe,NA,NA
Noctuidae,Arthropoda,Insecta,NA,Lepidoptera,NA,Noctuidae,NA,NA,NA,NA,NA,NA
Notonecta,Arthropoda,Insecta,NA,Hemiptera,NA,Notonectidae,Notonectinae,Notonectini,NA,Notonecta,NA,NA
Notonecta lunata,Arthropoda,Insecta,NA,Hemiptera,NA,Notonectidae,Notonectinae,Notonectini,NA,Notonecta,NA,lunata
Notonecta undulata,Arthropoda,Insecta,NA,Hemiptera,NA,Notonectidae,Notonectinae,Notonectini,NA,Notonecta,NA,undulata
Notonectidae,Arthropoda,Insecta,NA,Hemiptera,NA,Notonectidae,NA,NA,NA,NA,NA,NA
Nyctiophylax,Arthropoda,Insecta,NA,Trichoptera,NA,Polycentropodidae,Polycentrpodinae,NA,NA,Nyctiophylax,NA,NA
Odonata,Arthropoda,Insecta,NA,Odonata,NA,NA,NA,NA,NA,NA,NA,NA
Odontomyia,Arthropoda,Insecta,NA,Diptera,Brachycera,Stratiomyidae,Stratiomyinae,Stratiomyini,NA,Odontomyia,NA,NA
Odontomyia/Hedriodiscus,Arthropoda,Insecta,NA,Diptera,Brachycera,Stratiomyidae,Stratiomyinae,Stratiomyini,Odontomyia/Hedriodiscus,NA,NA,NA
Oecetis,Arthropoda,Insecta,NA,Trichoptera,NA,Leptoceridae,Leptocerinae,Oecetini,NA,Oecetis,NA,NA
Oecetis avara,Arthropoda,Insecta,NA,Trichoptera,NA,Leptoceridae,Leptocerinae,Oecetini,NA,Oecetis,NA,avara
Oecetis cinerascens,Arthropoda,Insecta,NA,Trichoptera,NA,Leptoceridae,Leptocerinae,Oecetini,NA,Oecetis,NA,cineracens
Oecetis disjuncta,Arthropoda,Insecta,NA,Trichoptera,NA,Leptoceridae,Leptocerinae,Oecetini,NA,Oecetis,NA,disjuncta
Oecetis furva group,Arthropoda,Insecta,NA,Trichoptera,NA,Leptoceridae,Leptocerinae,Oecetini,NA,Oecetis,furva group,NA
Oecetis immobilis,Arthropoda,Insecta,NA,Trichoptera,NA,Leptoceridae,Leptocerinae,Oecetini,NA,Oecetis,NA,immobilis
Oecetis inconspicua complex,Arthropoda,Insecta,NA,Trichoptera,NA,Leptoceridae,Leptocerinae,Oecetini,NA,Oecetis,inconspicua complex,NA
Oecetis inconspicua complex sp. A,Arthropoda,Insecta,NA,Trichoptera,NA,Leptoceridae,Leptocerinae,Oecetini,NA,Oecetis,NA,sp. A
Oecetis inconspicua complex sp. D,Arthropoda,Insecta,NA,Trichoptera,NA,Leptoceridae,Leptocerinae,Oecetini,NA,Oecetis,NA,sp. D
Oecetis inconspicua complex sp. E,Arthropoda,Insecta,NA,Trichoptera,NA,Leptoceridae,Leptocerinae,Oecetini,NA,Oecetis,NA,sp. E
Oecetis nocturna,Arthropoda,Insecta,NA,Trichoptera,NA,Leptoceridae,Leptocerinae,Oecetini,NA,Oecetis,NA,nocturna
Oecetis persimilis,Arthropoda,Insecta,NA,Trichoptera,NA,Leptoceridae,Leptocerinae,Oecetini,NA,Oecetis,NA,persimilis
Oligochaeta,Annelida,Oligochaeta,NA,NA,NA,NA,NA,NA,NA,NA,NA,NA
Oligochaeta W/O proboscis,Annelida,Oligochaeta,NA,NA,NA,NA,NA,NA,NA,NA,NA,NA
Oligochaeta with proboscis,Annelida,Oligochaeta,NA,Tubificida,NA,Naididae,Naidinae,Naidinae with proboscis,NA,NA,NA,NA
Ophidonais serpentina,Annelida,Oligochaeta,NA,Tubificida,NA,Naididae,Naidinae,Naidinae W/O proboscis,NA,Ophidonais,NA,serpentina
Optioservus fastiditus,Arthropoda,Insecta,NA,Coleoptera,NA,Elmidae,NA,NA,NA,Optioservus,NA,fastiditus
Oreodytes,Arthropoda,Insecta,NA,Coleoptera,NA,Dytiscidae,Hydroporinae,Hydroporini,NA,Oreodytes,NA,NA
Oreodytes laevis,Arthropoda,Insecta,NA,Coleoptera,NA,Dytiscidae,Hydroporinae,Hydroporini,NA,Oreodytes,NA,laevis
Oribatida,Arthropoda,Arachnida,Acariformes,Sarcoptiformes,Oribatida,NA,NA,NA,NA,NA,NA,NA
Orthocladiinae,Arthropoda,Insecta,NA,Diptera,Nematocera,Chironomidae,Orthocladiinae,NA,NA,NA,NA,NA
Orthocladiinae sp. C,Arthropoda,Insecta,NA,Diptera,Nematocera,Chironomidae,Orthocladiinae,NA,NA,NA,NA,sp. C
Orthocladius,Arthropoda,Insecta,NA,Diptera,Nematocera,Chironomidae,Orthocladiinae,NA,NA,Orthocladius,NA,NA
Orthocladius annectens,Arthropoda,Insecta,NA,Diptera,Nematocera,Chironomidae,Orthocladiinae,NA,NA,Orthocladius,NA,annectens
Orthocladius obumbratus,Arthropoda,Insecta,NA,Diptera,Nematocera,Chironomidae,Orthocladiinae,NA,NA,Orthocladius,NA,obumbratus
Orthotrichia,Arthropoda,Insecta,NA,Trichoptera,NA,Hydroptilidae,Hydroptilinae,Orthotrichiini,NA,Orthotrichia,NA,NA
Oxus,Arthropoda,Arachnida,Acariformes,Trombidiformes,NA,Oxidae,NA,NA,NA,Oxus,NA,NA
Oxyelophila,Arthropoda,Insecta,NA,Lepidoptera,NA,Crambidae,Nymphulinae,Argyractini,NA,Oxyelophila,NA,NA
Oxyethira,Arthropoda,Insecta,NA,Trichoptera,NA,Hydroptilidae,Hydroptilinae,Hydroptilini,NA,Oxyethira,NA,NA
Pagastia,Arthropoda,Insecta,NA,Diptera,Nematocera,Chironomidae,Diamesinae,Diamesini,NA,Pagastia,NA,NA
Pagastiella,Arthropoda,Insecta,NA,Diptera,Nematocera,Chironomidae,Chironominae,Chironomini,NA,Pagastiella,NA,NA
Palmacorixa,Arthropoda,Insecta,NA,Hemiptera,NA,Corixidae,Corixinae,NA,NA,Palmacorixa,NA,NA
Palmacorixa buenoi,Arthropoda,Insecta,NA,Hemiptera,NA,Corixidae,Corixinae,NA,NA,Palmacorixa,NA,buenoi
Palmacorixa gillettei,Arthropoda,Insecta,NA,Hemiptera,NA,Corixidae,Corixinae,NA,NA,Palmacorixa,NA,gillettei
Palmacorixa janeae,Arthropoda,Insecta,NA,Hemiptera,NA,Corixidae,Corixinae,NA,NA,Palmacorixa,NA,janeae
Palmacorixa nana,Arthropoda,Insecta,NA,Hemiptera,NA,Corixidae,Corixinae,NA,NA,Palmacorixa,NA,nana
Paracapnia,Arthropoda,Insecta,NA,Plecoptera,NA,Capniidae,Capniinae,NA,NA,Paracapnia,NA,NA
Parachironomus,Arthropoda,Insecta,NA,Diptera,Nematocera,Chironomidae,Chironominae,Chironomini,NA,Parachironomus,NA,NA
Parachironomus frequens,Arthropoda,Insecta,NA,Diptera,Nematocera,Chironomidae,Chironominae,Chironomini,NA,Parachironomus,NA,frequens
Parachironomus pectinatellae,Arthropoda,Insecta,NA,Diptera,Nematocera,Chironomidae,Chironominae,Chironomini,NA,Parachironomus,NA,pectinatellae
Parachironomus potamogeti,Arthropoda,Insecta,NA,Diptera,Nematocera,Chironomidae,Chironominae,Chironomini,NA,Parachironomus,NA,potamogeti
Parachironomus tenuicaudatus complex,Arthropoda,Insecta,NA,Diptera,Nematocera,Chironomidae,Chironominae,Chironomini,NA,Parachironomus,tenuicaudatus complex,NA
Parachironomus vitiosus group,Arthropoda,Insecta,NA,Diptera,Nematocera,Chironomidae,Chironominae,Chironomini,NA,Parachironomus,vitiosus group,NA
Paracladius,Arthropoda,Insecta,NA,Diptera,Nematocera,Chironomidae,Orthocladiinae,NA,NA,Paracladius,NA,NA
Paracladopelma,Arthropoda,Insecta,NA,Diptera,Nematocera,Chironomidae,Chironominae,Chironomini,NA,Paracladopelma,NA,NA
Paracladopelma doris group,Arthropoda,Insecta,NA,Diptera,Nematocera,Chironomidae,Chironominae,Chironomini,NA,Paracladopelma,doris group,NA
Paracladopelma galaptera,Arthropoda,Insecta,NA,Diptera,Nematocera,Chironomidae,Chironominae,Chironomini,NA,Paracladopelma,NA,galaptera
Paracloeodes,Arthropoda,Insecta,NA,Ephemeroptera,NA,Baetidae,NA,NA,NA,Paracloeodes,NA,NA
Paracyclops canadensis,Arthropoda,Maxillopoda,NA,Cyclopoida,NA,Cyclopidae,NA,NA,NA,Paracyclops,NA,canadensis
Parakiefferiella,Arthropoda,Insecta,NA,Diptera,Nematocera,Chironomidae,Orthocladiinae,NA,NA,Parakiefferiella,NA,NA
Parakiefferiella nigra,Arthropoda,Insecta,NA,Diptera,Nematocera,Chironomidae,Orthocladiinae,NA,NA,Parakiefferiella,NA,nigra
Paralauterborniella,Arthropoda,Insecta,NA,Diptera,Nematocera,Chironomidae,Chironominae,Chironomini,NA,Paralauterborniella,NA,NA
Paralauterborniella nigrohalterale,Arthropoda,Insecta,NA,Diptera,Nematocera,Chironomidae,Chironominae,Chironomini,NA,Paralauterborniella,NA,nigrohalterale
Paraleptophlebia,Arthropoda,Insecta,NA,Ephemeroptera,NA,Leptophlebiidae,NA,NA,NA,Paraleptophlebia,NA,debilis
Paraleptophlebia praepedita,Arthropoda,Insecta,NA,Ephemeroptera,NA,Leptophlebiidae,NA,NA,NA,Paraleptophlebia,NA,praepedita
Paramerina,Arthropoda,Insecta,NA,Diptera,Nematocera,Chironomidae,Tanypodinae,Pentaneurini,NA,Paramerina,NA,NA
Parametriocnemus,Arthropoda,Insecta,NA,Diptera,Nematocera,Chironomidae,Orthocladiinae,NA,NA,Parametriocnemus,NA,NA
Paraponyx,Arthropoda,Insecta,NA,Lepidoptera,NA,Crambidae,Nymphulinae,Nymphulini,NA,Paraponyx,NA,NA
Paratanytarsus,Arthropoda,Insecta,NA,Diptera,Nematocera,Chironomidae,Chironominae,Tanytarsini,NA,Paratanytarsus,NA,NA
Paratendipes,Arthropoda,Insecta,NA,Diptera,Nematocera,Chironomidae,Chironominae,Chironomini,NA,Paratendipes,NA,NA
Paratendipes albimanus,Arthropoda,Insecta,NA,Diptera,Nematocera,Chironomidae,Chironominae,Chironomini,NA,Paratendipes,NA,albimanus
Peltodytes,Arthropoda,Insecta,NA,Coleoptera,NA,Haliplidae,NA,NA,NA,Peltodytes,NA,NA
Peltodytes edentulus,Arthropoda,Insecta,NA,Coleoptera,NA,Haliplidae,NA,NA,NA,Peltodytes,NA,edentulus
Peltodytes tortulosus,Arthropoda,Insecta,NA,Coleoptera,NA,Haliplidae,NA,NA,NA,Peltodytes,NA,tortulosus
Perlodidae,Arthropoda,Insecta,NA,Plecoptera,NA,Perlodidae,NA,NA,NA,NA,NA,NA
Phaenopsectra,Arthropoda,Insecta,NA,Diptera,Nematocera,Chironomidae,Chironominae,Chironomini,NA,Phaenopsectra,NA,NA
Phaenopsectra obediens group,Arthropoda,Insecta,NA,Diptera,Nematocera,Chironomidae,Chironominae,Chironomini,NA,Phaenopsectra,obediens group,NA
Phaenopsectra punctipes group,Arthropoda,Insecta,NA,Diptera,Nematocera,Chironomidae,Chironominae,Chironomini,NA,Phaenopsectra,punctipes group,NA
Phaenopsectra/Tribelos,Arthropoda,Insecta,NA,Diptera,Nematocera,Chironomidae,Chironominae,Chironomini,Phaenopsectra/Tribelos,NA,NA,NA
Philopotamidae,Arthropoda,Insecta,NA,Trichoptera,NA,Philopotamidae,NA,NA,NA,NA,NA,NA
Phryganea,Arthropoda,Insecta,NA,Trichoptera,NA,Phryganeidae,Phryganeinae,NA,NA,Phryganea,NA,NA
Phryganeidae,Arthropoda,Insecta,NA,Trichoptera,NA,Phryganeidae,NA,NA,NA,NA,NA,NA
Phylocentropus,Arthropoda,Insecta,NA,Trichoptera,NA,Dipseudopsidae,Hyalopsychinae,NA,NA,Phylocentropus,NA,NA
Phylocentropus placidus,Arthropoda,Insecta,NA,Trichoptera,NA,Dipseudopsidae,Hyalopsychinae,NA,NA,Phylocentropus,NA,placidus
Physa,Mollusca,Gastropoda,NA,Basommatophora,NA,Physidae,NA,NA,NA,Physa,NA,NA
Physa acuta,Mollusca,Gastropoda,NA,Basommatophora,NA,Physidae,NA,NA,NA,Physa,NA,acuta
Physa gyrina,Mollusca,Gastropoda,NA,Basommatophora,NA,Physidae,NA,NA,NA,Physa,NA,gyrina
Piguetiella,Annelida,Oligochaeta,NA,Tubificida,NA,Naididae,Naidinae,Naidinae W/O proboscis,NA,Piguetiella,NA,NA
Piguetiella blanci,Annelida,Oligochaeta,NA,Tubificida,NA,Naididae,Naidinae,Naidinae W/O proboscis,NA,Piguetiella,NA,blanci
Piguetiella michiganensis,Annelida,Oligochaeta,NA,Tubificida,NA,Naididae,Naidinae,Naidinae W/O proboscis,NA,Piguetiella,NA,michiganensis
Piona,Arthropoda,Arachnida,Acariformes,Trombidiformes,NA,Pionidae,NA,NA,NA,Piona,NA,NA
Pionidae,Arthropoda,Arachnida,Acariformes,Trombidiformes,NA,Pionidae,NA,NA,NA,NA,NA,NA
Piscicola geometra,Annelida,Hirudinea,NA,Rhynchobdellida,NA,Piscicolidae,Piscicolinae,NA,NA,Piscicola,NA,geometra
Piscicola milneri,Annelida,Hirudinea,NA,Rhynchobdellida,NA,Piscicolidae,Piscicolinae,NA,NA,Piscicola,NA,milneri
Piscicola punctata,Annelida,Hirudinea,NA,Rhynchobdellida,NA,Piscicolidae,Piscicolinae,NA,NA,Piscicola,NA,punctata
Piscicolaria reducta,Annelida,Hirudinea,NA,Rhynchobdellida,NA,Piscicolidae,Platybdellinae,NA,NA,Piscicolaria,NA,reducta
Piscicolidae,Annelida,Hirudinea,NA,Rhynchobdellida,NA,Piscicolidae,NA,NA,NA,NA,NA,NA
Pisidiidae,Mollusca,Bivalvia,NA,Veneroida,NA,Pisidiidae,NA,NA,NA,NA,NA,NA
Pisidium,Mollusca,Bivalvia,NA,Veneroida,NA,Pisidiidae,NA,NA,NA,Pisidium,NA,NA
Pisidium adamsi,Mollusca,Bivalvia,NA,Veneroida,NA,Pisidiidae,NA,NA,NA,Pisidium,NA,adamsi
Pisidium amnicum,Mollusca,Bivalvia,NA,Veneroida,NA,Pisidiidae,NA,NA,NA,Pisidium,NA,amnicum
Pisidium casertanum,Mollusca,Bivalvia,NA,Veneroida,NA,Pisidiidae,NA,NA,NA,Pisidium,NA,casertanum
Pisidium compressum,Mollusca,Bivalvia,NA,Veneroida,NA,Pisidiidae,NA,NA,NA,Pisidium,NA,compressum
Pisidium conventus,Mollusca,Bivalvia,NA,Veneroida,NA,Pisidiidae,NA,NA,NA,Pisidium,NA,conventus
Pisidium cruciatum,Mollusca,Bivalvia,NA,Veneroida,NA,Pisidiidae,NA,NA,NA,Pisidium,NA,cruciatum
Pisidium dubium,Mollusca,Bivalvia,NA,Veneroida,NA,Pisidiidae,NA,NA,NA,Pisidium,NA,dubium
Pisidium fallax,Mollusca,Bivalvia,NA,Veneroida,NA,Pisidiidae,NA,NA,NA,Pisidium,NA,fallax
Pisidium ferrugineum,Mollusca,Bivalvia,NA,Veneroida,NA,Pisidiidae,NA,NA,NA,Pisidium,NA,ferrugineum
Pisidium henslowanum,Mollusca,Bivalvia,NA,Veneroida,NA,Pisidiidae,NA,NA,NA,Pisidium,NA,henslowanum
Pisidium idahoense,Mollusca,Bivalvia,NA,Veneroida,NA,Pisidiidae,NA,NA,NA,Pisidium,NA,idahoense
Pisidium lilljeborgi,Mollusca,Bivalvia,NA,Veneroida,NA,Pisidiidae,NA,NA,NA,Pisidium,NA,lilljeborgi
Pisidium milium,Mollusca,Bivalvia,NA,Veneroida,NA,Pisidiidae,NA,NA,NA,Pisidium,NA,milium
Pisidium moitessierianum,Mollusca,Bivalvia,NA,Veneroida,NA,Pisidiidae,NA,NA,NA,Pisidium,NA,moitessierianum
Pisidium nitidum,Mollusca,Bivalvia,NA,Veneroida,NA,Pisidiidae,NA,NA,NA,Pisidium,NA,nitidum
Pisidium punctatum,Mollusca,Bivalvia,NA,Veneroida,NA,Pisidiidae,NA,NA,NA,Pisidium,NA,punctatum
Pisidium rotundatum,Mollusca,Bivalvia,NA,Veneroida,NA,Pisidiidae,NA,NA,NA,Pisidium,NA,rotundatum
Pisidium subtruncatum,Mollusca,Bivalvia,NA,Veneroida,NA,Pisidiidae,NA,NA,NA,Pisidium,NA,subtruncatum
Pisidium supinum,Mollusca,Bivalvia,NA,Veneroida,NA,Pisidiidae,NA,NA,NA,Pisidium,NA,supinum
Pisidium variabile,Mollusca,Bivalvia,NA,Veneroida,NA,Pisidiidae,NA,NA,NA,Pisidium,NA,variabile
Pisidium ventricosum,Mollusca,Bivalvia,NA,Veneroida,NA,Pisidiidae,NA,NA,NA,Pisidium,NA,ventricosum
Pisidium walkeri,Mollusca,Bivalvia,NA,Veneroida,NA,Pisidiidae,NA,NA,NA,Pisidium,NA,walkeri
Placobdella,Annelida,Hirudinea,NA,Rhynchobdellida,NA,Glossiphoniidae,Glossiphoniinae,NA,NA,Placobdella,NA,NA
Placobdella montifera,Annelida,Hirudinea,NA,Rhynchobdellida,NA,Glossiphoniidae,Glossiphoniinae,NA,NA,Placobdella,NA,montifera
Planorbidae,Mollusca,Gastropoda,NA,Basommatophora,NA,Planorbidae,NA,NA,NA,NA,NA,NA
Planorbula armigera,Mollusca,Gastropoda,NA,Basommatophora,NA,Planorbidae,NA,NA,NA,Planorbula,NA,armigera
Platyhelminthes,Platyhelminthes,NA,NA,NA,NA,NA,NA,NA,NA,NA,NA,NA
Plecoptera,Arthropoda,Insecta,NA,Plecoptera,NA,NA,NA,NA,NA,NA,NA,NA
Pleurocera,Mollusca,Gastropoda,NA,Neotaenioglossa,NA,Pleuroceridae,NA,NA,NA,Pleurocera,NA,NA
Pleurocera semicarinata,Mollusca,Gastropoda,NA,Neotaenioglossa,NA,Pleuroceridae,NA,NA,NA,Pleurocera,NA,semicarinata
Pleuroceridae,Mollusca,Gastropoda,NA,Neotaenioglossa,NA,Pleuroceridae,NA,NA,NA,NA,NA,NA
Ploesoma hudsoni,Arthropoda,Monogonta,NA,Ploima,NA,Synchaetidae,NA,NA,NA,Ploesoma,NA,hudsoni
Polycentropodidae,Arthropoda,Insecta,NA,Trichoptera,NA,Polycentropodidae,NA,NA,NA,NA,NA,NA
Polycentropus,Arthropoda,Insecta,NA,Trichoptera,NA,Polycentropodidae,Polycentropodinae,NA,NA,Polycentropus,NA,NA
Polypedilum,Arthropoda,Insecta,NA,Diptera,Nematocera,Chironomidae,Chironominae,Chironomini,NA,Polypedilum,NA,NA
Polypedilum aviceps,Arthropoda,Insecta,NA,Diptera,Nematocera,Chironomidae,Chironominae,Chironomini,NA,Polypedilum,NA,aviceps
Polypedilum bergi,Arthropoda,Insecta,NA,Diptera,Nematocera,Chironomidae,Chironominae,Chironomini,NA,Polypedilum,NA,bergi
Polypedilum braseniae,Arthropoda,Insecta,NA,Diptera,Nematocera,Chironomidae,Chironominae,Chironomini,NA,Polypedilum,NA,braseniae
Polypedilum convictum,Arthropoda,Insecta,NA,Diptera,Nematocera,Chironomidae,Chironominae,Chironomini,NA,Polypedilum,NA,convictum
Polypedilum epleri,Arthropoda,Insecta,NA,Diptera,Nematocera,Chironomidae,Chironominae,Chironomini,NA,Polypedilum,NA,epleri
Polypedilum flavum,Arthropoda,Insecta,NA,Diptera,Nematocera,Chironomidae,Chironominae,Chironomini,NA,Polypedilum,NA,flavum
Polypedilum halterale group,Arthropoda,Insecta,NA,Diptera,Nematocera,Chironomidae,Chironominae,Chironomini,NA,Polypedilum,halterale group,NA
Polypedilum illinoense,Arthropoda,Insecta,NA,Diptera,Nematocera,Chironomidae,Chironominae,Chironomini,NA,Polypedilum,NA,illinoense
Polypedilum illinoense group,Arthropoda,Insecta,NA,Diptera,Nematocera,Chironomidae,Chironominae,Chironomini,NA,Polypedilum,illinoense group,NA
Polypedilum laetum,Arthropoda,Insecta,NA,Diptera,Nematocera,Chironomidae,Chironominae,Chironomini,NA,Polypedilum,NA,laetum
Polypedilum scalaenum group,Arthropoda,Insecta,NA,Diptera,Nematocera,Chironomidae,Chironominae,Chironomini,NA,Polypedilum,scalaenum group,NA
Polypedilum sordens,Arthropoda,Insecta,NA,Diptera,Nematocera,Chironomidae,Chironominae,Chironomini,NA,Polypedilum,NA,sordens
Polypedilum tuberculum,Arthropoda,Insecta,NA,Diptera,Nematocera,Chironomidae,Chironominae,Chironomini,NA,Polypedilum,NA,tuberculum
Polypedilum/Stictochironomus,Arthropoda,Insecta,NA,Diptera,Nematocera,Chironomidae,Chironominae,Chironomini,Polypedilum/Stictochironomus,NA,NA,NA
Polyphemus pediculus,Arthropoda,Branchiopoda,NA,Diplostraca,NA,Polyphemoidea,NA,NA,NA,Polyphemus,NA,pediculus
Potamopyrgus antipodarum,Mollusca,Gastropoda,NA,Neotaenioglossa,NA,Hydrobiidae,NA,NA,NA,Potamopyrgus,NA,antipodarum
Potamothrix moldaviensis,Annelida,Oligochaeta,NA,Tubificida,NA,Naididae,Tubificinae,Tubificinae W/O setal hair chaeta,NA,Potamothrix,NA,moldaviensis
Potamothrix vejdovskyi,Annelida,Oligochaeta,NA,Tubificida,NA,Naididae,Tubificinae,Tubificinae with setal hair chaeta,NA,Potamothrix,NA,vejdovskyi
Potthastia longimana,Arthropoda,Insecta,NA,Diptera,Nematocera,Chironomidae,Diamesinae,Diamesini,NA,Potthastia,NA,longimana
Pristina,Annelida,Oligochaeta,NA,Tubificida,NA,Naididae,Pristininae,NA,NA,Pristina,NA,NA
Pristina jenkinae,Annelida,Oligochaeta,NA,Tubificida,NA,Naididae,Pristininae,NA,NA,Pristina,NA,jenkinae
Pristina leidyi,Annelida,Oligochaeta,NA,Tubificida,NA,Naididae,Pristininae,NA,NA,Pristina,NA,leidyi
Pristina osborni,Annelida,Oligochaeta,NA,Tubificida,NA,Naididae,Pristininae,NA,NA,Pristina,NA,osborni
Probezzia,Arthropoda,Insecta,NA,Diptera,Nematocera,Ceratopogonidae,Ceratopogoninae,Sphaeromiini,NA,Probezzia,NA,NA
Probezzia/Mallochohelea,Arthropoda,Insecta,NA,Diptera,Nematocera,Ceratopogonidae,Ceratopogoninae,Sphaeromiini,Probezzia/Mallochohelea,NA,NA,NA
Probezzia/Nilobezzia,Arthropoda,Insecta,NA,Diptera,Nematocera,Ceratopogonidae,Ceratopogoninae,Sphaeromiini,Probezzia/Nilobezzia,NA,NA,NA
Probythinella lacustris,Mollusca,Gastropoda,NA,Neotaenioglossa,NA,Hydrobiidae,NA,NA,NA,Probythinella,NA,lacustris
Procladius,Arthropoda,Insecta,NA,Diptera,Nematocera,Chironomidae,Tanypodinae,Procladiini,NA,Procladius,NA,NA
Procladius bellus,Arthropoda,Insecta,NA,Diptera,Nematocera,Chironomidae,Tanypodinae,Procladiini,NA,Procladius,NA,bellus
Procloeon,Arthropoda,Insecta,NA,Ephemeroptera,NA,Baetidae,NA,NA,NA,Procloeon,NA,NA
Procloeon mendax/simplex group,Arthropoda,Insecta,NA,Ephemeroptera,NA,Baetidae,NA,NA,NA,Procloeon,mendax/simplex group,NA
Prodiamesa,Arthropoda,Insecta,NA,Diptera,Nematocera,Chironomidae,Prodiamesinae,NA,NA,Prodiamesa,NA,NA
Prodiamesa olivacea,Arthropoda,Insecta,NA,Diptera,Nematocera,Chironomidae,Prodiamesinae,NA,NA,Prodiamesa,NA,olivacea
Prodiamesinae,Arthropoda,Insecta,NA,Diptera,Nematocera,Chironomidae,Prodiamesinae,NA,NA,NA,NA,NA
Promenetus exacuous,Mollusca,Gastropoda,NA,Basommatophora,NA,Planorbidae,NA,NA,NA,Promenetus,NA,exacuous
Prostoma,Nemertea,Enopla,NA,Hoplonemertea,NA,Tetrastemmatidae,NA,NA,NA,Prostoma,NA,NA
Protanypus,Arthropoda,Insecta,NA,Diptera,Nematocera,Chironomidae,Diamesinae,Protanypini,NA,Protanypus,NA,NA
Protoptila,Arthropoda,Insecta,NA,Trichoptera,NA,Glossosomatidae,Protoptilinaeÿ,NA,NA,Protoptila,NA,NA
Psectrocladius,Arthropoda,Insecta,NA,Diptera,Nematocera,Chironomidae,Orthocladiinae,NA,NA,Psectrocladius,NA,NA
Psectrocladius elatus,Arthropoda,Insecta,NA,Diptera,Nematocera,Chironomidae,Orthocladiinae,NA,NA,Psectrocladius,NA,elatus
Psectrocladius octomaculatus,Arthropoda,Insecta,NA,Diptera,Nematocera,Chironomidae,Orthocladiinae,NA,NA,Psectrocladius,NA,octomaculatus
Psectrocladius psilopterus group,Arthropoda,Insecta,NA,Diptera,Nematocera,Chironomidae,Orthocladiinae,NA,NA,Psectrocladius,psilopterus group,NA
Psectrocladius simulans,Arthropoda,Insecta,NA,Diptera,Nematocera,Chironomidae,Orthocladiinae,NA,NA,Psectrocladius,NA,simulans
Psectrocladius sordidellus group,Arthropoda,Insecta,NA,Diptera,Nematocera,Chironomidae,Orthocladiinae,NA,NA,Psectrocladius,sordidellus group,NA
Psectrocladius vernalis,Arthropoda,Insecta,NA,Diptera,Nematocera,Chironomidae,Orthocladiinae,NA,NA,Psectrocladius,NA,vernalis
Pseudochironomini/Tanytarsini,Arthropoda,Insecta,NA,Diptera,Nematocera,Chironomidae,Chironominae,Pseudochironomini,NA,Pseudochironomini/Tanytarsini,NA,NA
Pseudochironomus,Arthropoda,Insecta,NA,Diptera,Nematocera,Chironomidae,Chironominae,Pseudochironomini,NA,Pseudochironomus,NA,NA
Pseudodiamesa,Arthropoda,Insecta,NA,Diptera,Nematocera,Chironomidae,Diamesinae,Diamesini,NA,Pseudodiamesa,NA,NA
Pseudohydryphantes,Arthropoda,Arachnida,Acariformes,Trombidiformes,NA,Hydryphantidae,NA,NA,NA,Pseudohydryphantes,NA,NA
Pseudosmittia,Arthropoda,Insecta,NA,Diptera,Nematocera,Chironomidae,Orthocladiinae,NA,NA,Pseudosmittia,NA,NA
Psychoda,Arthropoda,Insecta,NA,Diptera,Nematocera,Psychodidae,Psychodinae,NA,NA,Psychoda,NA,NA
Psychoglypha subborealis,Arthropoda,Insecta,NA,Trichoptera,NA,Limnephilidae,Limnephilinae,Chilostigmini,NA,Psychoglypha,NA,subborealis
Psychomyia flavida,Arthropoda,Insecta,NA,Trichoptera,NA,Psychomyiidaeÿ,Psychomyiinaeÿ,NA,NA,Psychomyia,NA,flavida
Ptilostomis,Arthropoda,Insecta,NA,Trichoptera,NA,Phyryganeidae,Phyrganeinae,NA,NA,Ptilostomis,NA,NA
Pycnopsyche,Arthropoda,Insecta,NA,Trichoptera,NA,Limnephilidae,Limnephilinae,Stenophylacini,NA,Pycnopsyche,NA,NA
Pyganodon,Mollusca,Bivalvia,NA,Unionoida,NA,Unionidae,NA,NA,NA,Pyganodon,NA,NA
Pyganodon grandis,Mollusca,Bivalvia,NA,Unionoida,NA,Unionidae,NA,NA,NA,Pyganodon,NA,grandis
Pyralidae,Arthropoda,Insecta,NA,Lepidoptera,NA,Pyralidae,NA,NA,NA,NA,NA,NA
Radix auricularia,Mollusca,Gastropoda,NA,Basommatophora,NA,Lymnaeidae,NA,NA,NA,Radix,NA,NA
Ranatra,Arthropoda,Insecta,NA,Hemiptera,NA,Nepidae,Ranatrinae,NA,NA,Ranatra,NA,NA
Ranatra fusca,Arthropoda,Insecta,NA,Hemiptera,NA,Nepidae,Ranatrinae,NA,NA,Ranatra,NA,fusca
Ranatra nigra,Arthropoda,Insecta,NA,Hemiptera,NA,Nepidae,Ranatrinae,NA,NA,Ranatra,NA,nigra
Renocera,Arthropoda,Insecta,NA,Diptera,Brachycera,Sciomyzidae,Sciomyzinae,Tetanocerini,NA,Renocera,NA,NA
Rheotanytarsus,Arthropoda,Insecta,NA,Diptera,Nematocera,Chironomidae,Chironominae,Tanytarsini,NA,Rheotanytarsus,NA,NA
Rheumatobates,Arthropoda,Insecta,NA,Hemiptera,NA,Gerridae,Rhagodotarsinae,NA,NA,Rheumatobates,NA,NA
Rheumatobates palosi,Arthropoda,Insecta,NA,Hemiptera,NA,Gerridae,Rhagodotarsinae,NA,NA,Rheumatobates,NA,palosi
Rhyacodrilus,Annelida,Oligochaeta,NA,Tubificida,NA,Naididae,Rhyacodrilinae,Tubificinae with setal hair chaeta,NA,Rhyacodrilus,NA,NA
Ripistes parasita,Annelida,Oligochaeta,NA,Tubificida,NA,Naididae,Naidinae,Naidinae with proboscis,NA,Ripistes,NA,parasita
Robackia,Arthropoda,Insecta,NA,Diptera,Nematocera,Chironomidae,Chironominae,Chironomini,NA,Robackia,NA,NA
Robackia demeijerei,Arthropoda,Insecta,NA,Diptera,Nematocera,Chironomidae,Chironominae,Chironomini,NA,Robackia,NA,demeijerei
Saetheria,Arthropoda,Insecta,NA,Diptera,Nematocera,Chironomidae,Chironominae,Chironomini,NA,Saetheria,NA,NA
Saetheria tylus,Arthropoda,Insecta,NA,Diptera,Nematocera,Chironomidae,Chironominae,Chironomini,NA,Saetheria,NA,tylus
Sanfilippodytes,Arthropoda,Insecta,NA,Coleoptera,NA,Dytiscidae,Hydroporinae,Hydroporini,NA,Sanfilippodytes,NA,NA
Scapholeberis kingi,Arthropoda,Branchiopoda,NA,Diplostraca,NA,Daphniidae,NA,NA,NA,Scapholeberis,NA,kingi
Sciomyzidae,Arthropoda,Insecta,NA,Diptera,Brachycera,Sciomyzidae,NA,NA,NA,NA,NA,NA
Senecella calanoides,Arthropoda,Maxillopoda,NA,Diplostraca,NA,Aetideidae,NA,NA,NA,Senecella,NA,calanoides
Sepedon,Arthropoda,Insecta,NA,Diptera,Brachycera,Sciomyzidae,Sciomyzinae,Tetanocerini,NA,Sepedon,NA,NA
Sepedon/Sepedomerus,Arthropoda,Insecta,NA,Diptera,Brachycera,Sciomyzidae,Sciomyzinae,Tetanocerini,Sepedon/sepedomerus,NA,NA,NA
Setodes oligius,Arthropoda,Insecta,NA,Trichoptera,NA,Leptoceridae,Leptocerinae,Setodini,NA,Setodes,NA,oligius
Sialis,Arthropoda,Insecta,NA,Megaloptera,NA,Sialidae,NA,NA,NA,Sialis,NA,NA
Sida crystallina,Arthropoda,Branchiopoda,NA,Diplostraca,NA,Sididae,NA,NA,NA,Sida,NA,crystallina
Sigara,Arthropoda,Insecta,NA,Hemiptera,NA,Corixidae,Corixinae,NA,NA,Sigara,NA,NA
Sigara alternata,Arthropoda,Insecta,NA,Hemiptera,NA,Corixidae,Corixinae,NA,NA,Sigara,NA,alternata
Sigara bicoloripennis,Arthropoda,Insecta,NA,Hemiptera,NA,Corixidae,Corixinae,NA,NA,Sigara,NA,bicoloripennis
Sigara compressoidea,Arthropoda,Insecta,NA,Hemiptera,NA,Corixidae,Corixinae,NA,NA,Sigara,NA,compressoidea
Sigara decorata,Arthropoda,Insecta,NA,Hemiptera,NA,Corixidae,Corixinae,NA,NA,Sigara,NA,decorata
Sigara decoratella,Arthropoda,Insecta,NA,Hempitera,NA,Corixidae,Corixinae,NA,NA,Sigara,NA,decoratella
Sigara lineata,Arthropoda,Insecta,NA,Hemiptera,NA,Corixidae,Corixinae,NA,NA,Sigara,NA,lineata
Sigara mathesoni,Arthropoda,Insecta,NA,Hemiptera,NA,Corixidae,Corixinae,NA,NA,Sigara,NA,mathesoni
Sigara mullettensis,Arthropoda,Insecta,NA,Hemiptera,NA,Corixidae,Corixinae,NA,NA,Sigara,NA,mullettensis
Sigara solensis,Arthropoda,Insecta,NA,Hemiptera,NA,Corixidae,Corixinae,NA,NA,Sigara,NA,solensis
Sigara trilineata,Arthropoda,Insecta,NA,Hemiptera,NA,Corixidae,NA,NA,NA,Sigara,NA,trilineata
Simocephalus mixtus,Arthropoda,Branchiopoda,NA,Diplostraca,NA,Daphniidae,NA,NA,NA,Simocephalus,NA,mixtus
Simocephalus punctatus,Arthropoda,Branchiopoda,NA,Diplostraca,NA,Daphniidae,NA,NA,NA,Simocephalus,NA,puctatus
Simocephalus serrulatus,Arthropoda,Branchiopoda,NA,Diplostraca,NA,Daphniidae,NA,NA,NA,Simocephalus,NA,serrulatus
Siphloplecton,Arthropoda,Insecta,NA,Ephemeroptera,NA,Metretopodidae,NA,NA,NA,Siphloplecton,NA,NA
Sisyra,Arthropoda,Insecta,NA,Nueroptera,NA,Sisyrida,NA,NA,NA,Sisyra,NA,NA
Sisyra nigra/vicaria,Arthropoda,Insecta,NA,Nueroptera,NA,Sisyrida,NA,NA,NA,Sisyra,nigra/vicaria,NA
Skistodiaptomus oregonensis,Arthropoda,Maxillopoda,NA,Diplostraca,NA,Diaptomidae,NA,NA,NA,Skistodiaptomus,NA,oregonensis
Slavina appendiculata,Annelida,Oligochaeta,NA,Tubificida,NA,Naididae,Naidinae,Naidinae W/O proboscis,NA,Slavina,NA,appendiculata
Somatochlora,Arthropoda,Insecta,NA,Odonata,Anisoptera,Corduliidae,Corduliinae,NA,NA,Somatochlora,NA,NA
Sparbarus,Arthropoda,Insecta,NA,Ephemeroptera,NA,Caenidae,Brachycercinae,Sparbarini,NA,Sparbarus,NA,NA
Sparbarus lacustris,Arthropoda,Insecta,NA,Ephemeroptera,NA,Caenidae,Brachycercinae,Sparbarini,NA,Sparbarus,NA,lacustris
Sparbarus maculatus,Arthropoda,Insecta,NA,Ephemeroptera,NA,Caenidae,Brachycercinae,Sparbarini,NA,Sparbarus,NA,maculatus
Sparganophilidae,Annelida,Oligochaeta,NA,Opisthopora,NA,Sparganophilidae,NA,NA,NA,NA,NA,NA
Sparganophilus,Annelida,Oligochaeta,NA,Opisthopora,NA,Sparganophilidae,NA,NA,NA,Sparganophilus,NA,NA
Specaria josinae,Annelida,Oligochaeta,NA,Tubificida,NA,Naididae,Naidinae,NA,NA,Specaria,NA,josinae
Sperchon,Arthropoda,Arachnida,Acariformes,Trombidiformes,NA,Sperchontidae,NA,NA,NA,Sperchon,NA,NA
Sperchon/Sperchonopsis,Arthropoda,Arachnida,Acariformes,Trombidiformes,NA,Sperchontidae,NA,NA,Sperchon/Sperchonopsis,NA,NA,NA
Sphaerium,Mollusca,Bivalvia,NA,Veneroida,NA,Pisidiidae,NA,NA,NA,Sphaerium,NA,NA
Sphaerium nitidum,Mollusca,Bivalvia,NA,Veneroida,NA,Pisidiidae,NA,NA,NA,Sphaerium,NA,nitidum
Sphaerium simile,Mollusca,Bivalvia,NA,Veneroida,NA,Pisidiidae,NA,NA,NA,Sphaerium,NA,simile
Sphaerium striatinum,Mollusca,Bivalvia,NA,Veneroida,NA,Pisidiidae,NA,NA,NA,Sphaerium,NA,striatinum
Sphaerium/Musculium,Mollusca,Bivalvia,NA,Veneroida,NA,Pisidiidae,NA,NA,Sphaerium/Musculium,NA,NA,NA
Sphaeromias,Arthropoda,Insecta,NA,Diptera,Nematocera,Ceratopogonidae,Ceratopogoninae,Sphaeromiini,NA,Sphaeromias,NA,NA
Spirosperma ferox,Annelida,Oligochaeta,NA,Tubificida,NA,Naididae,Tubificinae,Tubificinae with setal hair chaeta,NA,Spirosperma,NA,ferox
Staphylinidae,Arthropoda,Insecta,NA,Coleoptera,NA,Staphylinidae,NA,NA,NA,NA,NA,NA
Stempellina,Arthropoda,Insecta,NA,Diptera,Nematocera,Chironomidae,Chironominae,Tanytarsini,NA,Stempellina,NA,NA
Stempellina sp. B,Arthropoda,Insecta,NA,Diptera,Nematocera,Chironomidae,Chironominae,Tanytarsini,NA,Stempellina,NA,sp. B
Stempellinella,Arthropoda,Insecta,NA,Diptera,Nematocera,Chironomidae,Chironominae,Tanytarsini,NA,Stempellinella,NA,NA
Stenacron interpunctatum,Arthropoda,Insecta,NA,Ephemeroptera,NA,Heptageniidae,NA,NA,NA,Stenacron,NA,interpunctatum
Stenelmis,Arthropoda,Insecta,NA,Coleoptera,NA,Elmidae,NA,NA,NA,Stenelmis,NA,NA
Stenelmis bicarinata,Arthropoda,Insecta,NA,Coleoptera,NA,Elmidae,NA,NA,NA,Stenelmis,NA,bicarinata
Stenochironomus,Arthropoda,Insecta,NA,Diptera,Nematocera,Chironomidae,Chironominae,Chironomini,NA,Stenochironomus,NA,NA
Stenonema femoratum,Arthropoda,Insecta,NA,Ephemeroptera,NA,Heptageniidae,NA,NA,NA,Stenonema,NA,femoratum
Stictochironomus,Arthropoda,Insecta,NA,Diptera,Nematocera,Chironomidae,Chironominae,Chironomini,NA,Stictochironomus,NA,NA
Stilocladius,Arthropoda,Insecta,NA,Diptera,Nematocera,Chironomidae,Orthocladiinae,NA,NA,Stilocladius,NA,NA
Stylaria lacustris,Annelida,Oligochaeta,NA,Tubificida,NA,Naididae,Naidinae,Naidinae with proboscis,NA,Stylaria,NA,lacustris
Stylodrilus heringianus,Annelida,Oligochaeta,NA,Lumbriculida,NA,Lumbriculidae,NA,NA,NA,Stylodrilus,NA,heringianus
Succinea,Mollusca,Gastropoda,NA,Stylommatophora,NA,Succineidae,NA,NA,NA,Succinea,NA,NA
Succineidae,Mollusca,Gastropoda,NA,Stylommatophora,NA,Succineidae,NA,NA,NA,NA,NA,NA
Synorthocladius,Arthropoda,Insecta,NA,Diptera,Nematocera,Chironomidae,Orthocladiinae,NA,NA,Synorthocladius,NA,NA
Tabanidae,Arthropoda,Insecta,NA,Diptera,Brachycera,Tabanidae,NA,NA,NA,NA,NA,NA
"Tabanus, Whitneyomyia, Atylotus",Arthropoda,Insecta,NA,Diptera,Brachycera,Tabanidae,Tabaninae,Tabanini,"Tabanus, Whitneyomyia, Atylotus",NA,NA,NA
Tanypodinae,Arthropoda,Insecta,NA,Diptera,Nematocera,Chironomidae,Tanypodinae,NA,NA,NA,NA,NA
Tanypus,Arthropoda,Insecta,NA,Diptera,Nematocera,Chironomidae,Tanypodinae,Tanypodini,NA,Tanypus,NA,NA
Tanytarsini,Arthropoda,Insecta,NA,Diptera,Nematocera,Chironomidae,Chironominae,Tanytarsini,NA,NA,NA,NA
Tanytarsus,Arthropoda,Insecta,NA,Diptera,Nematocera,Chironomidae,Chironominae,Tanytarsini,NA,Tanytarsus,NA,NA
Tardigrada,Tardigrada,NA,NA,NA,NA,NA,NA,NA,NA,NA,NA,NA
Tenebrionidae,Arthropoda,Insecta,NA,Coleoptera,NA,Tenebrionidae,NA,NA,NA,NA,NA,NA
Tetanocera,Arthropoda,Insecta,NA,Diptera,Brachycera,Sciomyzidae,Sciomyzinae,Tetanocerini,NA,Tetanocera,NA,NA
Teutonia,Arthropoda,Arachnida,Acariformes,Trombidiformes,NA,Teutoniidae,NA,NA,NA,Teutonia,NA,NA
Theromyzon bifarium,Annelida,Hirudinea,NA,Rhynchobdellida,NA,Glossiphoniidae,Theromyzinae,NA,NA,Theromyzon,NA,biannulatum
Thienemanniella,Arthropoda,Insecta,NA,Diptera,Nematocera,Chironomidae,Orthocladiinae,NA,NA,Thienemanniella,NA,NA
Thienemanniella boltoni,Arthropoda,Insecta,NA,Diptera,Nematocera,Chironomidae,Orthocladiinae,NA,NA,Thienemanniella,NA,boltoni
Thienemanniella lobapodema,Arthropoda,Insecta,NA,Diptera,Nematocera,Chironomidae,Orthocladiinae,NA,NA,Thienemanniella,NA,lobapodema
Thienemanniella xena,Arthropoda,Insecta,NA,Diptera,Nematocera,Chironomidae,Orthocladiinae,NA,NA,Thienemanniella,NA,xena
Thienemannimyia,Arthropoda,Insecta,NA,Diptera,Nematocera,Chironomidae,Tanypodinae,Pentaneurini,NA,Thienemannimyia,NA,NA
Thienemannimyia group,Arthropoda,Insecta,NA,Diptera,Nematocera,Chironomidae,Tanypodinae,Pentaneurini,Thienemannimyia group,NA,NA,NA
Tipulidae,Arthropoda,Insecta,NA,Diptera,Nematocera,Tipulidae,NA,NA,NA,NA,NA,NA
Torrenticola,Arthropoda,Arachnida,Acariformes,Trombidiformes,NA,Torrenticolidae,NA,NA,NA,Torrenticola,NA,NA
Torrenticolidae,Arthropoda,Arachnida,Acariformes,Trombidiformes,NA,Torrenticolidae,NA,NA,NA,NA,NA,NA
Trasserkidrilus americanus,Annelida,Oligochaeta,NA,Tubificida,NA,Naididae,Tubificinae,NA,NA,Tasserkidrilus,NA,americanus
Trepobates subnitidus,Arthropoda,Insecta,NA,Hemiptera,NA,Gerridae,NA,NA,NA,Trepobates,NA,subnitidus
Triaenodes,Arthropoda,Insecta,NA,Trichoptera,NA,Leptoceridae,NA,NA,NA,Triaenodes,NA,NA
Triaenodes flavescens,Arthropoda,Insecta,NA,Trichoptera,NA,Leptoceridae,NA,NA,NA,Triaenodes,NA,flavescens
Triaenodes injustus,Arthropoda,Insecta,NA,Trichoptera,NA,Leptoceridae,NA,NA,NA,Triaenodes,NA,injustus
Tribelos,Arthropoda,Insecta,NA,Diptera,Nematocera,Chironomidae,Chironominae,Chironomini,NA,Tribelos,NA,NA
Tribelos atrum,Arthropoda,Insecta,NA,Diptera,Nematocera,Chironomidae,Chironominae,Chironomini,NA,Tribelos,NA,atrum
Tribelos jucundum,Arthropoda,Insecta,NA,Diptera,Nematocera,Chironomidae,Chironominae,Chironomini,NA,Tribelos,NA,jucundum
Tribelos/Phaenopsectra,Arthropoda,Insecta,NA,Diptera,Nematocera,Chironomidae,Chironominae,Chironomini,Tribelos/Phaenopsectra,NA,NA,NA
Trichocorixa borealis,Arthropoda,Insecta,NA,Hemiptera,NA,Corixidae,Corixinae,NA,NA,Trichocorixa,NA,borealis
Trichocorixa sexcincta,Arthropoda,Insecta,NA,Hemiptera,NA,Corixidae,Corixinae,NA,NA,Trichocorixa,NA,sexcincta
Trichogrammatidae,Arthropoda,Insecta,NA,Hymenoptera,NA,Trichogrammatidae,NA,NA,NA,NA,NA,NA
Trichoptera,Arthropoda,Insecta,NA,Trichoptera,NA,NA,NA,NA,NA,NA,NA,NA
Tricorythodes,Arthropoda,Insecta,NA,Ephemeroptera,NA,Leptohyphidae,NA,NA,NA,Tricorythodes,NA,NA
Tubificinae,Annelida,Oligochaeta,NA,Tubificida,NA,Naididae,Tubificinae,NA,NA,NA,NA,NA
Tubificinae W/O setal hair chaeta,Annelida,Oligochaeta,NA,Tubificida,NA,Naididae,Tubificinae,Tubificinae W/O setal hair chaeta,NA,NA,NA,NA
Tubificinae with setal hair chaeta,Annelida,Oligochaeta,NA,Tubificida,NA,Naididae,Tubificinae,Tubificinae with setal hair chaeta,NA,NA,NA,NA
Turbellaria,Platyhelminthes,NA,NA,NA,NA,NA,NA,NA,NA,NA,NA,NA
"Typhis, Pionacercus, Pionopsis",Arthropoda,Arachnida,Acariformes,Trombidiformes,NA,Pionidae,NA,NA,"Typhis, Pionacercus, Pionopsis",NA,NA,NA
Uncinais uncinata,Annelida,Oligochaeta,NA,Tubificida,NA,Naididae,Naidinae,Naidinae W/O proboscis,NA,Uncinais,NA,uncinata
Unionicola,Arthropoda,Arachnida,Acariformes,Trombidiformes,NA,Unionicolidae,NA,NA,NA,Unionicola,NA,NA
Unionicolidae,Arthropoda,Arachnida,Acariformes,Trombidiformes,NA,Unionicolidae,NA,NA,NA,NA,NA,NA
Unionidae,Mollusca,Bivalvia,NA,Unionoida,NA,Unionidae,NA,NA,NA,NA,NA,NA
Valvata,Mollusca,Gastropoda,NA,Heterostropha,NA,Valvatidae,NA,NA,NA,Valvata,NA,NA
Valvata bicarinata,Mollusca,Gastropoda,NA,Heterostropha,NA,Valvatidae,NA,NA,NA,Valvata,NA,bicarinata
Valvata lewisi,Mollusca,Gastropoda,NA,Heterostropha,NA,Valvatidae,NA,NA,NA,Valvata,NA,lewisi
Valvata piscinalis,Mollusca,Gastropoda,NA,Heterostropha,NA,Valvatidae,NA,NA,NA,Valvata,NA,piscinalis
Valvata sincera,Mollusca,Gastropoda,NA,Heterostropha,NA,Valvatidae,NA,NA,NA,Valvata,NA,sincera
Valvata tricarinata,Mollusca,Gastropoda,NA,Heterostropha,NA,Valvatidae,NA,NA,NA,Valvata,NA,tricarinata
Valvatidae,Mollusca,Gastropoda,NA,Heterostropha,NA,Valvatidae,NA,NA,NA,NA,NA,NA
Vejdovskyella comata,Annelida,Oligochaeta,NA,Tubificida,NA,Naididae,Naidinae,Naidinae W/O proboscis,NA,Vejdovskyella,NA,comata
Vejdovskyella intermedia,Annelida,Oligochaeta,NA,Tubificida,NA,Naididae,Naidinae,Naidinae W/O proboscis,NA,Vejdovskyella,NA,intermedia
Veliidae,Arthropoda,Insecta,NA,Hemiptera,Heteroptera,Veliidae,NA,NA,NA,NA,NA,NA
Vertigo,Mollusca,Gastropoda,NA,Stylommatophora,NA,Pupillidae,NA,NA,NA,Vertigo,NA,NA
Viviparidae,Mollusca,Gastropoda,NA,Architaenioglossa,NA,Viviparidae,NA,NA,NA,NA,NA,NA
Xenochironomus,Arthropoda,Insecta,NA,Diptera,Nematocera,Chironomidae,Chironominae,Chironomini,NA,Xenochironomus,NA,NA
Xenochironomus xenolabis,Arthropoda,Insecta,NA,Diptera,Nematocera,Chironomidae,Chironominae,Chironomini,NA,Xenochironomus,NA,xenolabis
Zavrelia,Arthropoda,Insecta,NA,Diptera,Nematocera,Chironomidae,Chironominae,Tanytarsini,NA,Zavrelia,NA,NA
Zavreliella marmorata,Arthropoda,Insecta,NA,Diptera,Nematocera,Chironomidae,Chironominae,Tanytarsini,NA,Zavrelia,NA,marmorata
Zavrelimyia,Arthropoda,Insecta,NA,Diptera,Nematocera,Chironomidae,Tanypodinae,Pentaneurini,NA,Zavrelimyia,NA,NA
Zygoptera,Arthropoda,Insecta,NA,Odonata,Zygoptera,NA,NA,NA,NA,NA,NA,NA
